/*
SQLyog Professional v12.5.1 (64 bit)
MySQL - 10.1.30-MariaDB : Database - canbii
*********************************************************************
*/

/*!40101 SET NAMES utf8 */;

/*!40101 SET SQL_MODE=''*/;

/*!40014 SET @OLD_UNIQUE_CHECKS=@@UNIQUE_CHECKS, UNIQUE_CHECKS=0 */;
/*!40014 SET @OLD_FOREIGN_KEY_CHECKS=@@FOREIGN_KEY_CHECKS, FOREIGN_KEY_CHECKS=0 */;
/*!40101 SET @OLD_SQL_MODE=@@SQL_MODE, SQL_MODE='NO_AUTO_VALUE_ON_ZERO' */;
/*!40111 SET @OLD_SQL_NOTES=@@SQL_NOTES, SQL_NOTES=0 */;
CREATE DATABASE /*!32312 IF NOT EXISTS*/`canbii` /*!40100 DEFAULT CHARACTER SET latin1 */;

USE `canbii`;

/*Table structure for table `actions` */

DROP TABLE IF EXISTS `actions`;

CREATE TABLE `actions` (
  `id` int(11) NOT NULL AUTO_INCREMENT,
  `eventname` varchar(64) NOT NULL,
  `party` tinyint(4) NOT NULL COMMENT '0=user,1=admin,2=restaurant',
  `sms` tinyint(1) NOT NULL,
  `phone` tinyint(1) NOT NULL,
  `email` tinyint(1) NOT NULL,
  `message` varchar(255) NOT NULL,
  PRIMARY KEY (`id`)
) ENGINE=InnoDB AUTO_INCREMENT=15 DEFAULT CHARSET=latin1;

/*Data for the table `actions` */

insert  into `actions`(`id`,`eventname`,`party`,`sms`,`phone`,`email`,`message`) values 
(1,'order_placed',2,0,0,1,'[sitename] - Order #[orderid] for [deliverytime] [url]'),
(2,'order_placed',0,0,0,1,'[sitename] - Here is your receipt'),
(3,'order_placed',1,1,0,0,'[sitename] - Order #[orderid] for [deliverytime] [url]'),
(7,'user_registered',0,0,0,1,'[sitename] - Thank you for registering'),
(9,'user_registered',1,0,0,1,'[sitename] - Thank you for registering'),
(12,'cron_job',2,0,1,0,'Hello [name], you have [#] order[s] on [sitename] dot see eh, from [from], please press 1 to confirm, then check your email for the order details. This is the [attempt] attempt.'),
(13,'cron_job_final',1,0,1,0,'Hello admin [sitename] - Order #[orderid] for [deliverytime] [url] Hello [name], [restaurant] has [#] order[s] on [sitename] from [from], and never confirmed. [press9torepeat]'),
(14,'press9torepeat',0,0,0,0,'Press 9 to repeat this message');

/*Table structure for table `additional_toppings` */

DROP TABLE IF EXISTS `additional_toppings`;

CREATE TABLE `additional_toppings` (
  `id` int(10) unsigned NOT NULL AUTO_INCREMENT,
  `size` varchar(255) COLLATE utf8_unicode_ci NOT NULL,
  `price` double NOT NULL,
  PRIMARY KEY (`id`)
) ENGINE=InnoDB AUTO_INCREMENT=14 DEFAULT CHARSET=utf8 COLLATE=utf8_unicode_ci;

/*Data for the table `additional_toppings` */

insert  into `additional_toppings`(`id`,`size`,`price`) values 
(1,'Small',0.9),
(2,'Medium',1),
(3,'Large',1.1),
(4,'X-Large',1.2),
(6,'Panzerotti',1),
(7,'Delivery',2.5),
(8,'Minimum',15),
(10,'DeliveryTime',45),
(12,'over$30',10),
(13,'over$50',15);

/*Table structure for table `hours` */

DROP TABLE IF EXISTS `hours`;

CREATE TABLE `hours` (
  `restaurant_id` int(11) NOT NULL,
  `0_open` smallint(6) NOT NULL,
  `0_close` smallint(6) NOT NULL,
  `1_open` smallint(6) NOT NULL,
  `1_close` smallint(6) NOT NULL,
  `2_open` smallint(6) NOT NULL,
  `2_close` smallint(6) NOT NULL,
  `3_open` smallint(6) NOT NULL,
  `3_close` smallint(6) NOT NULL,
  `4_open` smallint(6) NOT NULL,
  `4_close` smallint(6) NOT NULL,
  `5_open` smallint(6) NOT NULL,
  `5_close` smallint(6) NOT NULL,
  `6_open` smallint(6) NOT NULL,
  `6_close` smallint(6) NOT NULL,
  PRIMARY KEY (`restaurant_id`),
  UNIQUE KEY `restaurant_id` (`restaurant_id`)
) ENGINE=InnoDB DEFAULT CHARSET=utf8 COLLATE=utf8_unicode_ci;

/*Data for the table `hours` */

insert  into `hours`(`restaurant_id`,`0_open`,`0_close`,`1_open`,`1_close`,`2_open`,`2_close`,`3_open`,`3_close`,`4_open`,`4_close`,`5_open`,`5_close`,`6_open`,`6_close`) values 
(0,1100,2345,1100,2345,1100,2345,1100,2345,1100,2345,1100,2345,1100,2345);

/*Table structure for table `menu` */

DROP TABLE IF EXISTS `menu`;

CREATE TABLE `menu` (
  `id` int(10) unsigned NOT NULL AUTO_INCREMENT,
  `category_id` int(10) NOT NULL,
  `category` varchar(255) COLLATE utf8_unicode_ci NOT NULL,
  `item` varchar(255) COLLATE utf8_unicode_ci NOT NULL,
  `price` double NOT NULL,
  `toppings` tinyint(1) NOT NULL,
  `wings_sauce` tinyint(4) NOT NULL,
  `calories` varchar(64) COLLATE utf8_unicode_ci NOT NULL COMMENT 'for 2 items, separate with a /. For more, use a -',
  `allergens` varchar(1024) COLLATE utf8_unicode_ci NOT NULL,
  `enabled` tinyint(4) DEFAULT '1',
  `hastax` tinyint(1) NOT NULL DEFAULT '1',
  PRIMARY KEY (`id`),
  UNIQUE KEY `id` (`id`)
) ENGINE=InnoDB AUTO_INCREMENT=46 DEFAULT CHARSET=utf8 COLLATE=utf8_unicode_ci;

/*Data for the table `menu` */

insert  into `menu`(`id`,`category_id`,`category`,`item`,`price`,`toppings`,`wings_sauce`,`calories`,`allergens`,`enabled`,`hastax`) values 
(1,1,'Indica Basic','1G Basic Indica',9,0,0,'','',1,1),
(2,1,'Indica Basic','1/8 Basic Indica',18,0,0,'','',1,1),
(3,1,'Indica Basic','1/4 Basic Indica',36,0,0,'','',1,1),
(4,1,'Indica Basic','1/2 Basic Indica',68,0,0,'','',1,1),
(5,1,'Indica Basic','1OZ Basic Indica',136,0,0,'','',1,1),
(6,2,'Indica HQ','1G HQ Indica',10,0,0,'','',1,1),
(7,2,'Indica HQ','1/8 HQ Indica',20,0,0,'','',1,1),
(8,2,'Indica HQ','1/4 HQ Indica',40,0,0,'','',1,1),
(9,2,'Indica HQ','1/2 HQ Indica',80,0,0,'','',1,1),
(10,2,'Indica HQ','1OZ HQ Indica',160,0,0,'','',1,1),
(11,3,'Indica Premium','1G Premium Indica',12,0,0,'','',1,1),
(12,3,'Indica Premium','1/8 Premium Indica',24,0,0,'','',1,1),
(13,3,'Indica Premium','1/4 Premium Indica',48,0,0,'','',1,1),
(14,3,'Indica Premium','1/2 Premium Indica',96,0,0,'','',1,1),
(15,3,'Indica Premium','1OZ Premium Indica',192,0,0,'','',1,1),
(16,4,'Sativa Basic','1G Basic Indica',9,0,0,'','',1,1),
(17,4,'Sativa Basic','1/8 Basic Indica',18,0,0,'','',1,1),
(18,4,'Sativa Basic','1/4 Basic Indica',36,0,0,'','',1,1),
(19,4,'Sativa Basic','1/2 Basic Indica',68,0,0,'','',1,1),
(20,4,'Sativa Basic','1OZ Basic Indica',136,0,0,'','',1,1),
(21,5,'Sativa High Quality','1G HQ Indica',10,0,0,'','',1,1),
(22,5,'Sativa High Quality','1/8 HQ Indica',20,0,0,'','',1,1),
(23,5,'Sativa High Quality','1/4 HQ Indica',40,0,0,'','',1,1),
(24,5,'Sativa High Quality','1/2 HQ Indica',80,0,0,'','',1,1),
(25,5,'Sativa High Quality','1OZ HQ Indica',160,0,0,'','',1,1),
(26,6,'Sativa Premium','1G Premium Indica',12,0,0,'','',1,1),
(27,6,'Sativa Premium','1/8 Premium Indica',24,0,0,'','',1,1),
(28,6,'Sativa Premium','1/4 Premium Indica',48,0,0,'','',1,1),
(29,6,'Sativa Premium','1/2 Premium Indica',96,0,0,'','',1,1),
(30,6,'Sativa Premium','1OZ Premium Indica',192,0,0,'','',1,1),
(31,7,'Hybrid Basic','1G Basic Indica',9,0,0,'','',1,1),
(32,7,'Hybrid Basic','1/8 Basic Indica',18,0,0,'','',1,1),
(33,7,'Hybrid Basic','1/4 Basic Indica',36,0,0,'','',1,1),
(34,7,'Hybrid Basic','1/2 Basic Indica',68,0,0,'','',1,1),
(35,7,'Hybrid Basic','1OZ Basic Indica',136,0,0,'','',1,1),
(36,8,'Hybrid High Quality','1G HQ Indica',10,0,0,'','',1,1),
(37,8,'Hybrid High Quality','1/8 HQ Indica',20,0,0,'','',1,1),
(38,8,'Hybrid High Quality','1/4 HQ Indica',40,0,0,'','',1,1),
(39,8,'Hybrid High Quality','1/2 HQ Indica',80,0,0,'','',1,1),
(40,8,'Hybrid High Quality','1OZ HQ Indica',160,0,0,'','',1,1),
(41,9,'Hybrid Premium','1G Premium Indica',12,0,0,'','',1,1),
(42,9,'Hybrid Premium','1/8 Premium Indica',24,0,0,'','',1,1),
(43,9,'Hybrid Premium','1/4 Premium Indica',48,0,0,'','',1,1),
(44,9,'Hybrid Premium','1/2 Premium Indica',96,0,0,'','',1,1),
(45,9,'Hybrid Premium','1OZ Premium Indica',192,0,0,'','',1,1);

/*Table structure for table `orders` */

DROP TABLE IF EXISTS `orders`;

CREATE TABLE `orders` (
  `id` int(11) NOT NULL AUTO_INCREMENT,
  `user_id` int(11) NOT NULL,
  `placed_at` timestamp NOT NULL DEFAULT CURRENT_TIMESTAMP,
  `deliver_at` timestamp NOT NULL DEFAULT '0000-00-00 00:00:00',
  `number` int(11) NOT NULL,
  `unit` varchar(16) NOT NULL,
  `buzzcode` varchar(32) NOT NULL,
  `street` varchar(255) NOT NULL,
  `postalcode` varchar(16) NOT NULL,
  `city` varchar(64) NOT NULL,
  `province` varchar(32) NOT NULL,
  `latitude` varchar(16) NOT NULL,
  `longitude` varchar(16) NOT NULL,
  `accepted_at` timestamp NOT NULL DEFAULT '0000-00-00 00:00:00',
  `restaurant_id` int(11) NOT NULL,
  `type` tinyint(4) NOT NULL,
  `payment_type` tinyint(4) NOT NULL,
  `phone` varchar(16) NOT NULL,
  `cell` varchar(16) NOT NULL,
  `paid` tinyint(4) NOT NULL,
  `stripeToken` varchar(64) NOT NULL,
  `deliverytime` varchar(64) NOT NULL,
  `cookingnotes` varchar(255) NOT NULL,
  `status` tinyint(4) NOT NULL,
  `price` decimal(10,2) NOT NULL,
  `email` varchar(150) DEFAULT NULL,
  `attempts` int(11) NOT NULL DEFAULT '0',
  `tip` decimal(10,2) NOT NULL,
  `last4` varchar(10) NOT NULL,
  PRIMARY KEY (`id`)
) ENGINE=InnoDB AUTO_INCREMENT=508 DEFAULT CHARSET=latin1;

/*Data for the table `orders` */

insert  into `orders`(`id`,`user_id`,`placed_at`,`deliver_at`,`number`,`unit`,`buzzcode`,`street`,`postalcode`,`city`,`province`,`latitude`,`longitude`,`accepted_at`,`restaurant_id`,`type`,`payment_type`,`phone`,`cell`,`paid`,`stripeToken`,`deliverytime`,`cookingnotes`,`status`,`price`,`email`,`attempts`,`tip`,`last4`) values 
(460,3,'2018-07-28 19:23:01','2018-07-28 20:08:01',18,'','','Oakland Dr','L8E 3Z2','Hamilton','ON','43.2304607999999','-79.769279400000','0000-00-00 00:00:00',84,0,0,'9055315331','',1,'ch_DJf4LyK4xUeCIb','Deliver Now','',1,31.08,NULL,1,0.00,'351000119'),
(461,3,'2018-07-28 19:27:28','2018-07-28 21:00:00',18,'','','Oakland Dr','L8E 3Z2','Hamilton','ON','43.2304607999999','-79.769279400000','0000-00-00 00:00:00',14,0,0,'9055315331','',1,'ch_DJf9kZgwlx8E1B','July 28 at 2100','',1,31.08,NULL,2,0.00,'351000119'),
(462,209,'2018-07-28 21:35:30','2018-07-28 22:20:30',9,'','','Medici Ln','L9B 0C3','Hamilton','ON','43.2049864','-79.917778','0000-00-00 00:00:00',26,0,0,'2892442729','',1,'ch_DJhDSa27vIo5K6','Deliver Now','',1,20.96,NULL,2,0.00,'351000119'),
(467,110,'2018-08-01 18:42:34','2018-08-01 19:27:34',18,'','','Oakland Dr','L8E 3Z2','Hamilton','ON','43.2304607999999','-79.769279400000','0000-00-00 00:00:00',84,0,0,'9055188531','',1,'ch_DL9K8Q3BbnMWXh','Deliver Now','',1,26.56,NULL,3,0.00,'351000119'),
(469,103,'2018-08-04 15:52:56','2018-08-04 16:45:00',999,'','','Upper Wentworth St','L9A 4X5','Hamilton','ON','43.2177265','-79.861375000000','0000-00-00 00:00:00',4,0,0,'6472417339','',1,'ch_DMEGtK2mRUHi23','August 4 at 1645','Please deliver to fox and the fiddle patio at lime ridge mall',1,32.88,NULL,4,0.00,'351000119'),
(471,104,'2018-08-04 18:30:01','2018-08-04 19:15:01',725,'','','Acadia Dr','L8W 3V2','Hamilton','ON','43.199438','-79.8710931','0000-00-00 00:00:00',52,0,0,'9055175502','',1,'ch_DMGnlXXR0cMaQH','Deliver Now','',1,47.57,NULL,2,0.00,'351000119'),
(472,246,'2018-08-05 20:00:29','2018-08-05 20:45:29',106,'','','Victor Blvd','L9A 2V4','Hamilton','ON','43.2214196','-79.883579199999','0000-00-00 00:00:00',4,0,0,'9055703763','',1,'ch_DMfUBEIcFj6E7x','Deliver Now','',1,20.00,NULL,4,0.00,'351000119'),
(473,103,'2018-08-05 20:30:51','2018-08-05 21:15:51',107,'','','Weir St S','L8K 3A8','Hamilton','ON','43.2332107999999','-79.806291699999','0000-00-00 00:00:00',84,0,0,'6472417339','',1,'ch_DMfygai3XMAalk','Deliver Now','Pizza is being delivered to Jay. Call him at 289.925.6237 if there are any issues.',1,27.69,NULL,1,0.00,'351000119'),
(474,3,'2018-08-06 12:24:11','2018-08-06 17:00:00',583,'','','E 27th St','L8V 3H4','Hamilton','ON','43.2225644','-79.854629400000','0000-00-00 00:00:00',26,0,0,'9055315331','',1,'ch_DMvLoyqXSW0K5H','August 6 at 1700','The delivery for Jay. His number is 905.512.3463',1,23.17,NULL,1,0.00,'351000119'),
(475,207,'2018-08-09 11:19:31','2018-08-09 12:04:31',70,'','','Frid St','L8P 4M4','Hamilton','ON','43.2582801','-79.8938877','0000-00-00 00:00:00',4,0,0,'2897006367','',1,'ch_DO1zveArUxOX64','Deliver Now','Armtec entrance suite one ',1,23.62,NULL,1,0.00,'351000119'),
(476,3,'2018-08-09 21:14:32','2018-08-09 21:59:32',9,'','','Medici Ln','L9B 0C3','Hamilton','ON','43.2049864','-79.917778','0000-00-00 00:00:00',52,0,0,'9055315331','',1,'ch_DOBazyo4WZKSPe','Deliver Now','',1,24.07,NULL,2,0.00,'351000119'),
(477,3,'2018-08-11 19:37:34','2018-08-11 20:22:34',213,'','','Lottridge St','L8L 6V8','Hamilton','ON','43.2567718','-79.830783699999','0000-00-00 00:00:00',4,0,0,'9055315331','',1,'ch_DOuTOW3h3T3Sv7','Deliver Now','This order is for William. Call him at 6475351846 if there are any issues. ',1,26.56,NULL,4,0.00,'351000119'),
(478,256,'2018-08-13 17:36:54','2018-08-13 18:21:54',140,'','','Centennial Pkwy N','','Hamilton','ON','43.2331638','-79.761308699999','0000-00-00 00:00:00',14,0,0,'9055818921','',1,'ch_DPcyMPYoLS9KI1','Deliver Now','Please deliver to coffee cultures patio as soon as possible. Call me when you’re here ',1,28.82,NULL,1,0.00,'351000119'),
(479,257,'2018-08-14 18:16:19','2018-08-14 19:01:19',20,'','','Toby Crescent','L8T 2N6','Hamilton','ON','43.2198177000000','-79.825970900000','0000-00-00 00:00:00',84,0,0,'9055312614','',1,'ch_DQ0qEpP2LBZ2xj','Deliver Now','',1,25.43,NULL,1,0.00,'351000119'),
(494,3,'2018-08-26 15:51:38','2018-08-26 17:45:00',52,'','','Kinrade Ave','L8L 6L6','Hamilton','ON','43.2551619','-79.8375307','0000-00-00 00:00:00',4,0,0,'9055315331','',1,'ch_DUTDhBaw5FtFKz','August 26 at 1745','The delivery is for Lisa. Her number is (905) 870-5139',1,30.69,NULL,1,0.00,'271250720'),
(501,3,'2018-08-29 18:20:20','2018-08-29 20:30:00',1070,'','','Stone Church Rd E','L8W 3L3','Hamilton','ON','43.1986216','-79.842341900000','0000-00-00 00:00:00',26,0,0,'9055315331','',1,'ch_DVdIr90hEMuC3B','August 29 at 2030','I will be waiting at the GoodLife gym entrance. Please call me if there are any issues.',1,31.69,NULL,1,0.00,'271250720'),
(502,290,'2018-08-30 17:27:20','2018-08-30 18:12:20',115,'1005','','Main St E','L8N 1G5','Hamilton','ON','43.2545229','-79.8653764','0000-00-00 00:00:00',81,0,0,'2893896913','',1,'ch_DVzf6IBg3tDlzW','Deliver Now','',1,38.35,NULL,1,0.00,'289470222'),
(503,3,'2018-08-30 17:38:35','2018-08-30 18:23:35',115,'Apt 1005','','Main St E','L8N 1G5','Hamilton','ON','43.2545229','-79.8653764','0000-00-00 00:00:00',52,0,0,'9055315331','',1,'ch_DVzqpWVMcQGTIP','Deliver Now','Delivery is for David Miller. For ASAP. Call him at 2893896913',1,38.35,NULL,3,0.00,'271250720'),
(504,103,'2018-09-06 13:13:26','2018-09-06 14:00:00',290,'','','Barton St','L8E 2K6','Hamilton','ON','43.2294251','-79.728970300000','0000-00-00 00:00:00',13,0,0,'6472417339','',1,'ch_DYY9tFRK1o39OJ','September 6 at 1400','',0,49.59,NULL,4,0.00,'246130221'),
(505,3,'2018-09-07 21:47:19','2018-09-07 22:45:00',18,'','','Oakland Dr','L8E 3Z2','Hamilton','ON','43.2304607999999','-79.769279400000','0000-00-00 00:00:00',81,0,0,'9055315331','',1,'ch_DZ3f9nAEezoQnw','September 7 at 2245','',1,16.39,NULL,1,0.00,'271250720'),
(506,103,'2018-09-08 13:16:09','2018-09-08 14:01:09',48,'Unit 32','','Caroga Ct','L9C 7M3','Hamilton','ON','43.2252568999999','-79.908251300000','0000-00-00 00:00:00',52,0,0,'6472417339','',1,'ch_DZIdKTzTUJ52w3','Deliver Now','For first pizza - CHICKEN SHAWARMA PIZZA\nFor second pizza - PLEASE USE BBQ SAUCE AND RED ONION.\nOrder is for: Jessica\nTHANK YOU',1,34.88,NULL,1,0.00,'246130221'),
(507,343,'2018-09-08 16:10:29','2018-09-09 12:30:00',55,'7','','Towercrest Dr','L9A 5J1','Hamilton','ON','43.2152829','-79.8773645','0000-00-00 00:00:00',52,0,0,'9059067381','',1,'ch_DZLSkP8kGkLoQy','September 9 at 1230','',1,23.39,NULL,1,0.00,'215190823');

/*Table structure for table `restaurants` */

DROP TABLE IF EXISTS `restaurants`;

CREATE TABLE `restaurants` (
  `id` int(10) unsigned NOT NULL AUTO_INCREMENT,
  `name` varchar(255) COLLATE utf8_unicode_ci NOT NULL,
  `slug` varchar(255) COLLATE utf8_unicode_ci NOT NULL,
  `phone` varchar(16) COLLATE utf8_unicode_ci NOT NULL,
  `is_delivery` int(11) NOT NULL,
  `is_pickup` int(11) NOT NULL,
  `is_complete` int(11) NOT NULL,
  `franchise` int(11) NOT NULL,
  `address_id` int(11) NOT NULL,
  `email` varchar(255) COLLATE utf8_unicode_ci DEFAULT NULL,
  `max_distance` decimal(10,2) NOT NULL DEFAULT '7.00',
  PRIMARY KEY (`id`)
) ENGINE=InnoDB AUTO_INCREMENT=85 DEFAULT CHARSET=utf8 COLLATE=utf8_unicode_ci;

/*Data for the table `restaurants` */

insert  into `restaurants`(`id`,`name`,`slug`,`phone`,`is_delivery`,`is_pickup`,`is_complete`,`franchise`,`address_id`,`email`,`max_distance`) values 
(4,'Queens Pizza & Wings','','9055770900',1,0,0,0,4,NULL,5.00),
(8,'2 For 1 Pizza Wings and Subs','','9055495999',0,0,0,0,169,NULL,7.00),
(9,'Aberdeen Pizza & Wings','','9052965544',0,0,0,0,170,NULL,7.00),
(11,'Andre\\\'s Pizza & Wings','','9053879292',0,0,0,0,172,NULL,7.00),
(12,'Basilique','','9055243444',0,0,0,0,173,NULL,7.00),
(13,'Bella Pizza','','(905) 544-1444',1,0,0,0,174,NULL,6.00),
(14,'Bruno\\\'s Pizza & Wings (Main St)','','9057778888',1,0,0,0,175,NULL,6.00),
(15,'Bruno\\\'s Pizza and Wings','','9053854444',0,0,0,0,176,NULL,7.00),
(16,'Buona Vita Pizza Inc.','','9055771000',0,0,0,0,177,NULL,7.00),
(17,'Chicago Style Pizza','','9055758800',0,0,0,0,178,NULL,7.00),
(18,'City Pizza & Wings','','9055281111',0,0,0,0,179,NULL,7.00),
(19,'City Pizza And Shawarma','','9053181111',0,0,0,0,180,NULL,7.00),
(20,'Concession Pizza','','9053859888',0,0,0,0,181,NULL,7.00),
(21,'David\\\'s Pizza & Pastry','','2897550528',0,0,0,0,182,NULL,7.00),
(22,'Diamantino\\\'s Pizza','','9059729889',0,0,0,0,183,NULL,7.00),
(23,'Diana\\\'s Pizza & Grille','','9055497474',0,0,0,0,184,NULL,7.00),
(24,'Double Double Pizza & Chicken','','9055280000',0,0,0,0,185,NULL,7.00),
(25,'Express Pizza','','9055497171',0,0,0,0,186,NULL,7.00),
(26,'Famo Pizza And Wings','','9053870009',1,0,0,0,187,NULL,4.00),
(27,'Fire stone pizza and wings','','9055255444',0,0,0,0,188,NULL,7.00),
(28,'Firestone Pizza and Wings - Mountain','','9055751818',0,0,0,0,189,NULL,7.00),
(29,'First Choice Pizza','','9055609111',0,0,0,0,190,NULL,7.00),
(30,'Gage Pizza & Wings','','9055744343',0,0,0,0,191,NULL,7.00),
(31,'Garth Pizza & Wings','','9053883444',0,0,0,0,192,NULL,7.00),
(32,'Greenhill Pizza and Wings','','9055605051',0,0,0,0,193,NULL,7.00),
(33,'Hi-Line Centre Pizza & Wings','','9055457444',0,0,0,0,194,NULL,7.00),
(34,'Hi-Line Pizza & Wings','','9055439555',0,0,0,0,195,NULL,7.00),
(35,'Hot Stone Pizza and Shawarma','','9057778777',0,0,0,0,196,NULL,7.00),
(36,'It\\\'s Pizza Time','','9053889000',0,0,0,0,197,NULL,7.00),
(37,'Joni\\\'s Pizza','','9053871212',0,0,0,0,198,NULL,7.00),
(38,'Knead Pizza','','2893896969',0,0,0,0,199,NULL,7.00),
(39,'L&C PIZZA','','9053128585',0,0,0,0,200,NULL,7.00),
(40,'Lava Pizza','','9057770666',0,0,0,0,201,NULL,7.00),
(41,'Lava Pizza & Wings (Fennell)','','9055746666',0,0,0,0,202,NULL,7.00),
(42,'Lava Pizza & Wings (King)','','9055256606',0,0,0,0,203,NULL,7.00),
(43,'Lazio Pizza & Wings','','9055478787',0,0,0,0,204,NULL,6.00),
(44,'Le Bella Pizza (Barton)','','9055297627',0,0,0,0,205,NULL,7.00),
(45,'Limeridge Pizza & Subs','','9053887700',0,0,0,0,206,NULL,7.00),
(46,'Limeridge Pizza & Wings','','9055757979',0,0,0,0,207,NULL,7.00),
(47,'Marino Pizza And Wings','','9055742020',0,0,0,0,208,NULL,7.00),
(48,'Mario\\\'s 2 For 1 Pizza','','9055444440',0,0,0,0,209,NULL,7.00),
(49,'Mario\\\'s Pizza & Wings','','9053837777',0,0,0,0,210,NULL,7.00),
(50,'Mattina Pizzeria','','9055277918',0,0,0,0,211,NULL,7.00),
(51,'NàRoma','','9055256699',0,0,0,0,212,NULL,7.00),
(52,'National Pizza & Wings (Upper James)','','9055754500',1,0,0,0,213,NULL,3.00),
(53,'National Pizza & Wings','','9055497734',0,0,0,0,214,NULL,7.00),
(54,'National Pizza Place','','9055280404',0,0,0,0,215,NULL,7.00),
(55,'Niva Pizza & Wings','','9055444544',0,0,0,0,216,NULL,7.00),
(56,'Papa Pauly\\\'s Pizza','','9055444224',0,0,0,0,217,NULL,7.00),
(57,'Pisa Pizza','','9055475777',0,0,0,0,218,NULL,7.00),
(58,'Pita Pizza','','9055294444',0,0,0,0,219,NULL,7.00),
(59,'Pizza Bell & Wings','','9055737333',0,0,0,0,220,NULL,7.00),
(60,'Pizza Depot','','9055259711',0,0,0,0,221,NULL,7.00),
(61,'Pizza Inferno','','9055746060',0,0,0,0,222,NULL,7.00),
(62,'Pizza Italia','','9055473232',0,0,0,0,223,NULL,5.00),
(63,'Pizza World','','9055231111',0,0,0,0,224,NULL,7.00),
(64,'Pizza Yolo','','9055478988',0,0,0,0,225,NULL,7.00),
(65,'Pizzeria Gurman','','9055784077',0,0,0,0,226,NULL,7.00),
(66,'Plaza Pizza & Wings','','9055220909',0,0,0,0,227,NULL,7.00),
(67,'Poppi\\\'s Pizzeria & Grill','','9056929779',0,0,0,0,228,NULL,7.00),
(68,'Quality Pizza & Wings','','9055738800',0,0,0,0,229,NULL,7.00),
(69,'Queens Pizza & Wings (King St E)','','9055450101',0,0,0,0,230,NULL,7.00),
(70,'Romano\\\'s Ristorante','','9053876041',0,0,0,0,231,NULL,7.00),
(71,'Royal Pizza & Wings (James)','','9055294242',0,0,0,0,232,NULL,7.00),
(72,'Royal Pizza & Wings (Queenston)','','9056648585',0,0,0,0,233,NULL,7.00),
(73,'Rymal Pizza-Wings','','9053871800',0,0,0,0,234,NULL,7.00),
(74,'Sasso','','9055264848',0,0,0,0,235,NULL,7.00),
(75,'Select Food Mart and Pizza','','9055230285',0,0,0,0,236,NULL,7.00),
(76,'Super Pizza & Wings','','9055453888',0,0,0,0,237,NULL,7.00),
(77,'Supreme Pizza','','9053181221',0,0,0,0,238,NULL,7.00),
(78,'Tasty Pizza','','9053888882',0,0,0,0,239,NULL,7.00),
(79,'The Golden Pizza','','9053851161',0,0,0,0,240,NULL,7.00),
(80,'The Pizza House','','9055610220',0,0,0,0,241,NULL,7.00),
(81,'Hammer\\\'s Top Picks','','9055315331',1,0,0,0,242,NULL,30.00),
(82,'Venice Beach Pizza & Wings','','9055389001',0,0,0,0,243,NULL,7.00),
(83,'Weston Pizza And Wings','','9055219919',0,0,0,0,244,NULL,7.00),
(84,'Le Bella Pizza (Fennell)','','9053836666',1,0,0,0,158,NULL,5.00);

/*Table structure for table `settings` */

DROP TABLE IF EXISTS `settings`;

CREATE TABLE `settings` (
  `id` int(11) NOT NULL AUTO_INCREMENT,
  `keyname` varchar(255) NOT NULL,
  `value` varchar(1024) NOT NULL,
  PRIMARY KEY (`id`),
  UNIQUE KEY `keyname` (`keyname`)
) ENGINE=InnoDB AUTO_INCREMENT=1716 DEFAULT CHARSET=latin1;

/*Data for the table `settings` */

insert  into `settings`(`id`,`keyname`,`value`) values 
(1,'lastSQL','1522895167'),
(20,'orders','1531843967'),
(24,'menucache','1536114966'),
(25,'useraddresses','1532819574'),
(37,'users','1533562835'),
(38,'additional_toppings','1531836187'),
(43,'actions','1535229449'),
(87,'restaurants','1535507961'),
(1398,'shortage','1493135529'),
(1537,'combos','1493826841'),
(1552,'debugmode','0'),
(1553,'domenucache','0'),
(1554,'settings','1531324982'),
(1560,'onlyfiftycents','0'),
(1579,'deletetopping','0'),
(1582,'localhostdialing','0'),
(1600,'lastupdate','1531361972101'),
(1715,'max_attempts','3');

/*Table structure for table `toppings` */

DROP TABLE IF EXISTS `toppings`;

CREATE TABLE `toppings` (
  `id` int(10) unsigned NOT NULL,
  `name` varchar(255) COLLATE utf8_unicode_ci NOT NULL,
  `type` varchar(64) COLLATE utf8_unicode_ci NOT NULL,
  `isfree` tinyint(1) NOT NULL,
  `qualifiers` varchar(255) COLLATE utf8_unicode_ci NOT NULL COMMENT 'comma delimited list of the names for 1/2,x1,x2 if applicable',
  `isall` tinyint(4) NOT NULL DEFAULT '0',
  `groupid` int(11) NOT NULL,
  `enabled` tinyint(4) DEFAULT '1',
  PRIMARY KEY (`id`),
  UNIQUE KEY `id` (`id`)
) ENGINE=InnoDB DEFAULT CHARSET=utf8 COLLATE=utf8_unicode_ci;

/*Data for the table `toppings` */

insert  into `toppings`(`id`,`name`,`type`,`isfree`,`qualifiers`,`isall`,`groupid`,`enabled`) values 
(1,'Anchovies','Meat',0,'',0,0,1),
(2,'Bacon','Meat',0,'',0,0,1),
(3,'Salami','Meat',0,'',0,0,1),
(4,'Chicken','Meat',0,'',0,0,1),
(5,'Ground Beef','Meat',0,'',0,0,1),
(6,'Ham','Meat',0,'',0,0,1),
(7,'Hot Italian Sausage','Meat',0,'',0,0,1),
(8,'Hot Sausage','Meat',0,'',0,0,0),
(9,'Italian Sausage','Meat',0,'',0,0,1),
(10,'Mild Sausage','Meat',0,'',0,0,0),
(11,'Pepperoni','Meat',0,'',0,0,1),
(14,'Black Olives','Vegetable',0,'',0,0,1),
(15,'Broccoli','Vegetable',0,'',0,0,1),
(16,'Green Olives','Vegetable',0,'',0,0,1),
(17,'Green Peppers','Vegetable',0,'',0,0,1),
(18,'Hot Banana Peppers','Vegetable',0,'',0,0,0),
(19,'Hot Peppers','Vegetable',0,'',0,0,1),
(21,'Mushrooms','Vegetable',0,'',0,0,1),
(22,'Onions','Vegetable',0,'',0,0,1),
(23,'Pineapple','Vegetable',0,'',0,0,1),
(25,'Red Peppers','Vegetable',0,'',0,0,1),
(26,'Spinach','Vegetable',0,'',0,0,1),
(27,'Sundried Tomatoes','Vegetable',0,'',0,0,1),
(28,'Tomatoes','Vegetable',0,'',0,0,1),
(29,'Extra Cheese','Vegetable',0,'',0,0,1),
(31,'Well Done','zPreparation',1,'',1,1,0);

/*Table structure for table `useraddresses` */

DROP TABLE IF EXISTS `useraddresses`;

CREATE TABLE `useraddresses` (
  `id` int(11) NOT NULL AUTO_INCREMENT,
  `user_id` int(11) NOT NULL,
  `number` int(11) NOT NULL,
  `unit` varchar(32) NOT NULL,
  `buzzcode` varchar(16) NOT NULL,
  `street` varchar(255) NOT NULL,
  `postalcode` varchar(16) NOT NULL,
  `city` varchar(64) NOT NULL,
  `province` varchar(32) NOT NULL,
  `latitude` varchar(16) NOT NULL,
  `longitude` varchar(16) NOT NULL,
  PRIMARY KEY (`id`),
  UNIQUE KEY `id` (`id`)
) ENGINE=InnoDB AUTO_INCREMENT=443 DEFAULT CHARSET=latin1;

/*Data for the table `useraddresses` */

insert  into `useraddresses`(`id`,`user_id`,`number`,`unit`,`buzzcode`,`street`,`postalcode`,`city`,`province`,`latitude`,`longitude`) values 
(4,4,178,'','','Queen St S','L8P 3S7','Hamilton','ON','43.253782','-79.881281'),
(5,5,18,'','','Oakland Dr','L8E 3Z2','Hamilton','ON','43.2304791','-79.769272699999'),
(6,6,1000,'','','Upper Gage Ave','L8V 4R5','Hamilton','ON','43.213566','-79.845911'),
(7,7,576,'','','Concession St','L8V 1A8','Hamilton','ON','43.240718','-79.851417'),
(152,102,123,'','','King St','L0S 1J0','Niagara-on-the-Lake','ON','43.2566571','-79.069487500000'),
(153,102,18,'','','Oakland Dr','L8E 3Z2','Hamilton','ON','43.2304791','-79.769272699999'),
(154,103,51,'','','Fenton Way','L6P 0P4','Brampton','ON','43.799186','-79.708743000000'),
(156,104,725,'','','Acadia Dr','L8W 3V2','Hamilton','ON','43.199438','-79.8710931'),
(157,105,18,'','','Oakland Dr','L8E 3Z2','Hamilton','ON','43.2304791','-79.769272699999'),
(158,113,1120,'','','Fennell Ave E','L8T 1S5','Hamilton','ON','43.2251183','-79.829276199999'),
(159,103,177,'','','Queen St S','L8P 4V6','Hamilton','ON','43.2536279','-79.8808065'),
(161,107,22,'buzzer 2','','Oakland Dr','L8E 3Z2','Hamilton','ON','43.2304949','-79.769447899999'),
(162,108,2000,'','','Main St W','L8S 4M8','Hamilton','ON','43.2473181','-79.9435709'),
(164,109,18,'','','Oakland Dr','L8E 3Z2','Hamilton','ON','43.2304791','-79.769272699999'),
(165,110,725,'','','Acadia Dr','','Hamilton','ON','43.2003938999999','-79.8637124'),
(168,103,575,'','','Concession St','L8V 1B2','Hamilton','ON','43.2408371000000','-79.850595'),
(169,111,158,'','','Kenilworth Ave N','L8H 4R9','Hamilton','ON','43.2451','-79.807621'),
(170,112,411,'','','Aberdeen Ave','L8P 2S1','Hamilton','ON','43.250612','-79.892334'),
(172,114,402,'','','Concession St','L9A 1B7','Hamilton','ON','43.242502','-79.858711'),
(173,115,1065,'','','King St W','L8S 1L8','Hamilton','ON','43.260939','-79.907413'),
(174,116,2145,'','','King St E','L8K 1W5','Hamilton','ON','43.231169','-79.801783'),
(175,117,718,'','','Main St E','L8M 1K9','Hamilton','ON','43.247728','-79.840791'),
(176,118,872,'','','Upper Sherman Ave','L8V 3N1','Hamilton','ON','43.220492','-79.852674'),
(177,119,823,'','','Queen St N #','L8R 2V4','Hamilton','ON','43.262188','-79.877163'),
(178,120,534,'','','Upper Sherman Ave','L8V 3M1','Hamilton','ON','43.232092','-79.847526'),
(179,121,581,'','','Main St E','L8M 1H9','Hamilton','ON','43.250039','-79.847778'),
(180,122,1575,'','','Upper Ottawa St','L8W 3E2','Hamilton','ON','43.190611','-79.842588'),
(181,123,576,'','','Concession St','L8V 1A8','Hamilton','ON','43.240718','-79.851417'),
(182,124,866,'','','Mohawk Road East','L8T 2R5','Hamilton','ON','43.216421','-79.833738'),
(183,125,341,'','','Barton St E','L8L 2X6','Hamilton','ON','43.260542','-79.851003'),
(184,126,263,'','','Kenilworth N','L8H 4S6','Hamilton','ON','43.248304','-79.806775'),
(185,127,225,'','','John St S','L8N 2C7','Hamilton','ON','43.249929','-79.868472'),
(186,128,1357,'','','Main St E','L8K 1B6','Hamilton','ON','43.241102','-79.812035'),
(187,129,1000,'','','Upper Gage Ave','L8V 4R5','Hamilton','ON','43.213636','-79.846218'),
(188,130,54,'','','Queen St S','L8P 3R5','Hamilton','ON','43.257995','-79.879748'),
(189,131,536,'','','Upper Wellington St','L9A 3P5','Hamilton','ON','43.239613','-79.866587'),
(190,132,2596,'','','King St E','L8K 1Y2','Hamilton','ON','43.223138','-79.783267'),
(191,133,804,'','','Upper Gage Ave','L8V 4K4','Hamilton','ON','43.219877','-79.842994'),
(192,134,1300,'','','Garth St','L9C 5Z4','Hamilton','ON','43.220512','-79.90729'),
(193,135,399,'','','Greenhill Ave','L8K 6N5','Hamilton','ON','43.216917','-79.796359'),
(194,136,1150,'','','King St E','L8M 1E8','Hamilton','ON','43.247723','-79.829096'),
(195,137,236,'','','Parkdale Ave N','L8H 5X5','Hamilton','ON','43.242867','-79.788833'),
(196,138,524,'','','Barton St E','L8L 2Y8','Hamilton','ON','43.258294','-79.843899'),
(197,139,5057,'','','Rymal Rd E Unit #A','L8W 1B3','Hamilton','ON','43.197387','-79.870736'),
(198,140,525,'','','Mohawk Rd E','L8V 2J5','Hamilton','ON','43.2215','-79.851407'),
(199,141,274,'','','James St N','L8R 2L3','Hamilton','ON','43.263351','-79.865974'),
(200,142,314,'','','Queenston Rd','L8K 1H5','Hamilton','ON','43.233612','-79.7906'),
(201,143,387,'','','Barton St E','L8L 2Y2','Hamilton','ON','43.26014','-79.848745'),
(202,144,550,'','','Fennell Avenue E','L8V 5S9','Hamilton','ON','43.231454','-79.856733'),
(203,145,876,'','','King St W','L8S 4S6','Hamilton','ON','43.263337','-79.900821'),
(204,146,1022,'','','Barton St E','L8L 3E1','Hamilton','ON','43.251898','-79.818925'),
(205,147,455,'','','Barton St E','L8L 2Y6','Hamilton','ON','43.259382','-79.846141'),
(206,148,310,'','','Limeridge Rd W','L9C 2V2','Hamilton','ON','43.224051','-79.898583'),
(207,149,990,'','','Upper Wentworth St','L9A 4V9','Hamilton','ON','43.217451','-79.865661'),
(208,150,601,'','','Upper James St','L9C 2Y7','Hamilton','ON','43.239667','-79.876519'),
(209,151,1016,'','','King St E','L8M 1C8','Hamilton','ON','43.250338','-79.83319'),
(210,152,171,'','','Mohawk Rd E','L9A 2H4','Hamilton','ON','43.22676','-79.872346'),
(211,153,104,'','','Cannon St E','L8L 2A3','Hamilton','ON','43.259594','-79.862903'),
(212,154,215,'','','Locke St S','L8P 4B6','Hamilton','ON','43.254386','-79.885835'),
(213,155,870,'','','Upper James St','L9C 7N1','Hamilton','ON','43.227159','-79.883025'),
(214,156,134,'','','Ottawa St N','L8H 3Z3','Hamilton','ON','43.246283','-79.817746'),
(215,157,3,'','','King St E','L8N 1A1','Hamilton','ON','43.256784','-79.86884'),
(216,158,800,'','','Barton St E','L8L 3B3','Hamilton','ON','43.254796','-79.830697'),
(217,159,997,'','','Cannon St E','L8L 6Z9','Hamilton','ON','43.25003','-79.82742'),
(218,160,55,'','','Parkdale Ave N','L8H 5W7','Hamilton','ON','43.237717','-79.791914'),
(219,161,526,'','','Main St E','L8M 1J1','Hamilton','ON','43.249844','-79.849616'),
(220,162,964,'','','Centennial Pkwy N #','L8E 1H7','Hamilton','ON','43.231442','-79.762328'),
(221,163,160,'','','Centennial Parkway North','L8E 1H9','Hamilton','ON','43.233793','-79.761065'),
(222,164,1394,'','','Upper Gage Ave','L8W 1E7','Hamilton','ON','43.201144','-79.851054'),
(223,165,1443,'','','Main St E','L8K 1C4','Hamilton','ON','43.240263','-79.808668'),
(224,166,447,'','','Main St E','L8N 1K1','Hamilton','ON','43.251274','-79.851994'),
(225,167,1229,'','','Cannon St E','L8H 1T8','Hamilton','ON','43.247442','-79.816637'),
(226,168,125,'','','Gailmont Dr','L8K 4B4','Hamilton','ON','43.22412','-79.783222'),
(227,169,90,'','','Wellington St N','L8R 1N1','Hamilton','ON','43.255938','-79.857727'),
(228,170,141812,'','','- Rymal Rd E','L8W 3N3','Hamilton','ON','43.1826','-79.819462'),
(229,171,2372,'','','Barton St E','L8E 2W7','Hamilton','ON','43.237647','-79.765102'),
(230,172,838,'','','King St E','L8M 1B4','Hamilton','ON','43.25113','-79.841235'),
(231,173,1275,'','','Rymal Rd E','L8W 3N1','Hamilton','ON','43.18941','-79.83659'),
(232,174,180,'','','James St S Hamilton','L8P 4V1','Hamilton','ON','43.251242','-79.871714'),
(233,175,826,'','','Queenston Rd','L8G 4A8','Stoney Creek','ON','43.227274','-79.76287'),
(234,176,1001,'','','Rymal Rd E','L8W 3M2','Hamilton','ON','43.192122','-79.848494'),
(235,177,1595,'','','Upper James St','L9B 1K2','Hamilton','ON','43.203119','-79.891194'),
(236,178,303,'','','York Blvd','L8R 3K5','Hamilton','ON','43.262846','-79.877807'),
(237,179,1531,'','','Barton St E','L8H 2X5','Hamilton','ON','43.247254','-79.797731'),
(238,180,1216,'','','Upper Wentworth St','L9A 4W2','Hamilton','ON','43.21037','-79.867954'),
(239,181,1119,'','','Fennell Ave E','L8T 1S2','Hamilton','ON','43.226065','-79.827836'),
(240,182,1140,'','','Fennell Ave E','L8T 1S5','Hamilton','ON','43.225078','-79.828512'),
(241,183,205,'','','Quigley Rd','L8K 5M8','Hamilton','ON','43.216221','-79.783788'),
(242,184,18,'','','Oakland Dr',' L8E3Z2','Hamilton','ON','43.230479','-79.769273'),
(243,185,770,'','','Mohawk Rd W','L9C 1X9','Hamilton','ON','43.234115','-79.920786'),
(244,186,574,'','','James St N','L8L 1J7','Hamilton','ON','43.272101','-79.862116'),
(268,1,183,'','','Lottridge St','L8L 6V6','Hamilton','ON','43.2557599000000','-79.831206599999'),
(269,198,2345,'2222','','Barton St E','L8E 2W8','Hamilton','ON','43.2388898','-79.7656591'),
(272,199,123,'123 buzzer','','Parkdale Ave S','L8K 6K4','Hamilton','ON','43.2333377','-79.7930738'),
(273,200,1120,'3','','Fennell Ave E','L8T 1S5','Hamilton','ON','43.2251183','-79.829276199999'),
(274,201,100,'666','','Forest Ave','L8N 3X2','Hamilton','ON','43.2492207','-79.867430099999'),
(275,202,1443,'','','Main St E','L8K 1C4','Hamilton','ON','43.2402634','-79.808668099999'),
(277,203,20,'','','Oakland Dr','L8E 3Z2','Hamilton','ON','43.2304772','-79.769363900000'),
(278,204,2344,'','','Barton St E','L8E 3G6','Hamilton','ON','43.237829','-79.7661445'),
(279,103,1110,'','','Fennell Ave E','L8T 1R8','Hamilton','ON','43.2254106','-79.829968899999'),
(280,205,61,'','','Arcade Crescent','L9C 3J1','Hamilton','ON','43.24355','-79.878383499999'),
(281,206,30,'77','','Oakland Dr','L8E 3Z2','Hamilton','ON','43.2305533','-79.769756799999'),
(282,207,18,'','','Oakland Dr','L8E 3Z2','Hamilton','ON','43.2304607999999','-79.769279400000'),
(284,208,18,'','','Oakland Dr','L8E 3Z2','Hamilton','ON','43.2304607999999','-79.769279400000'),
(285,3,18,'','','Oakland Dr','L8E 3Z2','Hamilton','ON','43.2304607999999','-79.769279400000'),
(286,209,9,'','','Medici Ln','L9B 0C3','Hamilton','ON','43.2049864','-79.917778'),
(287,210,31,'','','Kenilworth Ave S','L8K 2S7','Hamilton','ON','43.2395065','-79.8100667'),
(289,3,100,'2008','','Ferguson Ave S','L8N 3Y1','Hamilton','ON','43.2513238','-79.863553700000'),
(290,110,18,'','','Oakland Dr','L8E 3Z2','Hamilton','ON','43.2304607999999','-79.769279400000'),
(291,211,100,'123','','King St E','L8N 1A8','Hamilton','ON','43.2553843','-79.866196899999'),
(292,212,76,'','','South Bend Rd W','L9C 1M7','Hamilton','ON','43.2332130000000','-79.8854854'),
(293,213,28,'','','Morningside Dr','L8T 1P7','Hamilton','ON','43.2243018','-79.820989100000'),
(294,214,285,'304','','Mohawk Rd E','L9A 2J2','Hamilton','ON','43.2254801000000','-79.867308699999'),
(295,215,142,'142','','Livingston Ave','L3M 4X1','Grimsby','ON','43.1983797','-79.579811800000'),
(296,216,74,'','','Dublin Dr','','Hamilton','ON','43.2039196999999','-79.874074000000'),
(297,217,580,'5','','Limeridge Rd E','L8W 2Y4','Hamilton','ON','43.2128705000000','-79.859251200000'),
(298,218,150,'1212','','Mohawk Rd E','L9A 2H1','Hamilton','ON','43.2260071','-79.873199900000'),
(299,219,1966,'703/ 2062','','Main St W','L8S 1J6','Hamilton','ON','43.2492717000000','-79.9437342'),
(300,220,1966,'703/2062','','Main St W','L8S 1J6','Hamilton','ON','43.2492717000000','-79.9437342'),
(301,221,20,'106','','Erie Ave','L8N 2W6','Hamilton','ON','43.2503749','-79.8532482'),
(302,222,655,'218','','Mohawk Rd E','L8V 4G8','Hamilton','ON','43.2199825999999','-79.844773700000'),
(303,223,3,'','','Marcus Ave','L9C 4A5','Hamilton','ON','43.2324184','-79.893848199999'),
(304,224,22,'','','Cumberland Ave','L8M 1Y7','Hamilton','ON','43.2455168999999','-79.850617599999'),
(305,225,71,'','','Sanatorium Rd','L9C 1Y4','Hamilton','ON','43.2318519','-79.895186999999'),
(306,226,24,'','','Cedar Ave','L8M 3A5','Hamilton','ON','43.2435452','-79.834002199999'),
(307,227,295,'','','Millen Rd','L8E 2H1','Hamilton','ON','43.2265229999999','-79.720205500000'),
(308,103,999,'','','Upper Wentworth St','L9A 4X5','Hamilton','ON','43.2177265','-79.861375000000'),
(309,228,5,'','','Vanderwood Ct','L8G 2Y5','Hamilton','ON','43.2160665999999','-79.742968099999'),
(310,229,864,'','','Fennell Ave E','L8V 1W1','Hamilton','ON','43.2290848','-79.844974999999'),
(311,230,21,'','','Algoma Crescent','L9C 1S5','Hamilton','ON','43.2328409','-79.887432900000'),
(312,231,28,'','','Douglas Ave','L8L 0B4','Hamilton','ON','43.2641137','-79.847151599999'),
(313,232,27,'','','Albemarle St','L8L 7G5','Hamilton','ON','43.2583127','-79.8224257'),
(314,233,10,'21','','Highgate Dr','L8J 0C2','Hamilton','ON','43.1790174','-79.775646600000'),
(315,234,583,'','','E 27th St','L8V 3H4','Hamilton','ON','43.2225644','-79.854629400000'),
(316,235,2,'Fake account just so I can see t','','King St W','L8P 1A1','Hamilton','ON','43.2582697','-79.873060300000'),
(317,236,107,'','','Weir St S','L8K 3A8','Hamilton','ON','43.2332107999999','-79.806291699999'),
(318,237,922,'','','Burlington St E','L8L 4K4','Hamilton','ON','43.2632912','-79.824522800000'),
(319,238,22,'','','Kensington Ave N','L8L 7M9','Hamilton','ON','43.2441465999999','-79.823380400000'),
(320,239,92,'','','Oxford St','L8R 2X1','Hamilton','ON','43.2662833','-79.8770015'),
(321,240,333,'Unit 12','','Crockett St','L8V 1H8','Hamilton','ON','43.2361201','-79.8401379'),
(322,241,192,'901','','Hughson St N','L8L 7Z9','Hamilton','ON','43.2615968999999','-79.865022000000'),
(323,242,77,'117','','Purnell Dr','L9C 4Y4','Hamilton','ON','43.2287197','-79.909603800000'),
(324,243,213,'','','Lottridge St','L8L 6V8','Hamilton','ON','43.2567718','-79.830783699999'),
(325,244,285,'','','Hess St S','','Hamilton','ON','43.2502071999999','-79.8808775'),
(326,245,52,'','','Kinrade Ave','L8L 6L6','Hamilton','ON','43.2551577999999','-79.837512599999'),
(327,246,106,'','','Victor Blvd','L9A 2V4','Hamilton','ON','43.2214196','-79.883579199999'),
(328,103,107,'','','Weir St S','L8K 3A8','Hamilton','ON','43.2332107999999','-79.806291699999'),
(329,247,15,'Suite 803','','Albright Rd','L8K 5J2','Hamilton','ON','43.2159816','-79.785612000000'),
(330,248,203,'','','Emick Dr','L9K 1S6','Hamilton','ON','43.2104021','-79.955889599999'),
(331,249,15,'','','Rosanne Crescent','L8T 2T8','Hamilton','ON','43.216504','-79.842173699999'),
(332,250,30,'','','Dolman St','L8J 2P3','Hamilton','ON','43.1878631','-79.787043499999'),
(333,251,277,'Side Door','','Stinson Crescent','L8N 1T6','Hamilton','ON','43.2469171','-79.849941800000'),
(334,252,2313,'','','Woodburn Rd','L0R 1C0','Hamilton','ON','43.1194581','-79.7514878'),
(335,253,175,'47/47','','Catharine St S','L8N 2K2','Hamilton','ON','43.2498235','-79.867289799999'),
(336,3,583,'','','E 27th St','L8V 3H4','Hamilton','ON','43.2225644','-79.854629400000'),
(337,254,1760,'403','','Main St W','L8S 3E7','Hamilton','ON','43.2557081','-79.9370212'),
(338,255,56,'','','Magill St','L8R 2Y5','Hamilton','ON','43.2659282','-79.878961199999'),
(339,207,70,'','','Frid St','L8P 4M4','Hamilton','ON','43.2582801','-79.8938877'),
(340,3,9,'','','Medici Ln','L9B 0C3','Hamilton','ON','43.2049864','-79.917778'),
(341,3,213,'','','Lottridge St','L8L 6V8','Hamilton','ON','43.2567718','-79.830783699999'),
(342,256,122,'','','Greenstem Crescent','L8E 6G1','Hamilton','ON','43.2194812','-79.632411600000'),
(343,256,140,'','','Centennial Pkwy N','','Hamilton','ON','43.2331638','-79.761308699999'),
(344,257,20,'','','Toby Crescent','L8T 2N6','Hamilton','ON','43.2198177000000','-79.825970900000'),
(345,258,27,'','','Niagara St','L8L 6A3','Hamilton','ON','43.2651729999999','-79.842235899999'),
(346,259,103,'','','Medici Ln','L0R 1W0','Hamilton','ON','43.2035919999999','-79.9198783'),
(347,260,83,'Apt #2','','Grant Ave','L8N 2X6','Hamilton','ON','43.2498126','-79.850741700000'),
(348,261,18,'','','Oakland Dr','L8E 3Z2','Hamilton','ON','43.2304791','-79.769272699999'),
(349,262,20,'','','Oakland Dr','L8E 3Z2','Hamilton','ON','43.2304772','-79.769363900000'),
(350,263,20,'','','Oakland Dr','L8E 3Z2','Hamilton','ON','43.2304772','-79.769363900000'),
(351,264,1237,'','','King St W','L8S 1M5','Hamilton','ON','43.2599608999999','-79.914374599999'),
(352,265,1237,'','','King St W','L8S 1M5','Hamilton','ON','43.2599608999999','-79.914374599999'),
(353,266,146,'','','Victoria Ave N','L8L 5E8','Hamilton','ON','43.2572676','-79.854747999999'),
(354,267,468,'324c','','Ottawa St N','L8H 4A6','Hamilton','ON','43.2531141999999','-79.814184899999'),
(355,268,116,'','','Hostein Dr','L9G 2S7','Hamilton','ON','43.2192186','-79.9665905'),
(356,269,0,'1','','','','Hamilton','ON','43.2557206','-79.871102399999'),
(357,270,233,'2','','E 14th St','L9A 4B7','Hamilton','ON','43.2362365','-79.863130299999'),
(358,271,249,'','','Bay St N','L8L 1M2','Hamilton','ON','43.2655438','-79.869883899999'),
(359,272,10,'6','','Highgate Dr','L8J 0C2','Hamilton','ON','43.1790174','-79.775646600000'),
(360,273,200,'','','Birchcliffe Crescent','L8T 4K9','Hamilton','ON','43.209369','-79.837728299999'),
(361,274,355,'1106','','Melvin Ave','L8H 2K9','Hamilton','ON','43.2417776','-79.781267899999'),
(362,275,27,'','','Century St','L8L 1V7','Hamilton','ON','43.254929','-79.849882900000'),
(363,276,20,'','','Parkdale Ave N','L8H 5W8','Hamilton','ON','43.2366914','-79.7916793'),
(364,277,528,'','','Greenhill Ave','L8K 5E6','Hamilton','ON','43.2103326','-79.791607900000'),
(365,278,209,'','','Sherman Ave N','L8L 6M8','Hamilton','ON','43.2582515','-79.8356925'),
(366,279,232,'2','','Victoria Ave N','L8L 5G2','Hamilton','ON','43.2598144','-79.853371700000'),
(367,280,10,'','','Oakland Dr','L8E 3Z2','Hamilton','ON','43.2304140999999','-79.768965999999'),
(368,281,171,'','','Park St N','L8R 2N5','Hamilton','ON','43.2630994000000','-79.869868099999'),
(369,282,107,'','','Weir St S','L8K 3A8','Hamilton','ON','43.2332071','-79.806276000000'),
(370,3,52,'','','Kinrade Ave','L8L 6L6','Hamilton','ON','43.2551619','-79.8375307'),
(371,283,151,'210','','Queen St N','L8R 2V7','Hamilton','ON','43.2641484','-79.877144400000'),
(372,284,27,'','','Century St','L8L 1V7','Hamilton','ON','43.254929','-79.849882900000'),
(373,285,45,'','','E 35th St','L8V 3X7','Hamilton','ON','43.2370957','-79.839970600000'),
(374,286,45,'','','E 35th St','L8V 3X7','Hamilton','ON','43.2370957','-79.839970600000'),
(375,287,22,'','','Gordon St','L8L 3H2','Hamilton','ON','43.2536403','-79.822884999999'),
(376,288,14,'','','Tragina Ave N','L8H 5C5','Hamilton','ON','43.2395248999999','-79.804130699999'),
(377,289,60,'','','Mohawk Rd W','L9C 1V7','Hamilton','ON','43.2298704','-79.884916900000'),
(379,291,97,'','','Ontario Ave','L8N 2X1','Hamilton','ON','43.247996','-79.8523831'),
(380,292,243,'','','Solomon Crescent','L8W 1Z1','Hamilton','ON','43.2053080999999','-79.8290834'),
(381,293,700,'','','Woodward Ave','L8H 6P4','Hamilton','ON','43.2532267','-79.774182399999'),
(382,294,50,'145','','Main St','L9H 2P6','Hamilton','ON','43.2644692','-79.953007800000'),
(383,295,0,'','','','','Hamilton','ON','43.2557206','-79.871102399999'),
(384,296,275,'','','King St W','L8P 1B2','Hamilton','ON','43.2588827999999','-79.877700699999'),
(385,297,426,'13','','Rymal Rd E','L9B 2K6','Hamilton','ON','43.1971968000000','-79.874270700000'),
(386,298,255,'405','','Bold St','L8P 1W1','Hamilton','ON','43.255044','-79.881724200000'),
(387,299,16,'','','Piper Pl','L9C 6X5','Hamilton','ON','43.2206599','-79.8996133'),
(388,300,1280,'','','Main St W','L8S 4M6','Hamilton','ON','43.2585671999999','-79.919243199999'),
(389,301,1280,'','','Main St W','L8S 4M6','Hamilton','ON','43.2585671999999','-79.919243199999'),
(390,302,18,'Wrg','','Oakland Dr','L8E 3Z2','Hamilton','ON','43.2304791','-79.769272699999'),
(391,303,777,'','','Barton St E','L8L 3A9','Hamilton','ON','43.2554439','-79.831456600000'),
(392,304,73,'','','Barton St E','L8L 2W1','Hamilton','ON','43.2635543','-79.862581400000'),
(393,305,73,'','','Barton St E','L8L 2W1','Hamilton','ON','43.2635543','-79.862581400000'),
(394,306,1001,'0319','','Main St W','L8S 1B2','Hamilton','ON','43.2577897','-79.9052911'),
(395,307,2399,'','','Barton St E','L8E 2W9','Hamilton','ON','43.2384963','-79.763333199999'),
(396,308,2399,'','','Barton St E','L8E 2W9','Hamilton','ON','43.2384963','-79.763333199999'),
(397,309,2399,'','','Barton St E','L8E 2W9','Hamilton','ON','43.2384963','-79.763333199999'),
(398,310,14,'','','Keewaydin St','L0R 2H6','Hamilton','ON','43.3327229999999','-79.906384900000'),
(399,311,847,'','','Barton St E','L8L 3B4','Hamilton','ON','43.25473','-79.828317500000'),
(400,312,20,'apt 123','','Oakland Dr','L8E 3Z2','Hamilton','ON','43.2304772','-79.769363900000'),
(401,312,18,'123','','Oakland Dr','L8E 3Z2','Hamilton','ON','43.2304791','-79.769272699999'),
(402,313,354,'','','Queenston Rd','L8K 1H9','Hamilton','ON','43.2331820999999','-79.788506999999'),
(403,3,1070,'','','Stone Church Rd E','L8W 3L3','Hamilton','ON','43.1986216','-79.842341900000'),
(404,314,123,'','','James St N','L8R 2K8','Hamilton','ON','43.2601906','-79.867864400000'),
(405,315,380,'','','Old Brock Rd','L9H 5L4','Hamilton','ON','43.2842196','-79.995978299999'),
(406,290,115,'1005','','Main St E','L8N 1G5','Hamilton','ON','43.2545229','-79.8653764'),
(407,3,115,'Apt 1005','','Main St E','L8N 1G5','Hamilton','ON','43.2545229','-79.8653764'),
(408,316,115,'2','','Charlton Ave W','L8P 2C5','Hamilton','ON','43.250979','-79.877681400000'),
(409,317,121,'','','Hunter St W','L8P 1R2','Hamilton','ON','43.254856','-79.876534100000'),
(410,318,98,'2','','Victoria Ave N','L8L 5E5','Hamilton','ON','43.2559678','-79.855081999999'),
(411,319,237,'call cell when at door','','Prospect St S','L8M 2Z6','Hamilton','ON','43.2429818999999','-79.834773400000'),
(412,320,77,'Unit 21','','Tindale Ct','L8K 6C9','Hamilton','ON','43.2137113999999','-79.783466699999'),
(413,321,150,'','','Upper Paradise Rd','L9C 5B8','Hamilton','ON','43.2411946000000','-79.9083162'),
(414,322,104,'104 Organ Crescent','','Organ Crescent','L8T 1Y9','Hamilton','ON','43.2557206','-79.871102399999'),
(415,323,450,'','','Dundurn St S','L8P 4L9','Hamilton','ON','43.2491870000000','-79.893840000000'),
(416,324,45,'Side door','','Carmen Ave','L8V 2H5','Hamilton','ON','43.222601','-79.848734199999'),
(417,325,71,'','','Marion Ave N','L8S 4C2','Hamilton','ON','43.2650228999999','-79.906264099999'),
(418,326,0,'','','','M2J 5G3','Toronto','ON','43.794098','-79.349019'),
(419,327,256,'209','','Mohawk Rd E','L9A 2H8','Hamilton','ON','43.225355','-79.869388000000'),
(420,328,40,'','','Bond St N','L8S 3W2','Hamilton','ON','43.2649051','-79.900712699999'),
(421,329,2030,'104','','King St E','L8K 6C1','Hamilton','ON','43.2304667','-79.804107199999'),
(422,330,192,'1110','','Hughson St N','L8L 7Z9','Hamilton','ON','43.2615968999999','-79.865022000000'),
(423,331,290,'','','Barton St','L8E 2K6','Hamilton','ON','43.2294251','-79.728970300000'),
(424,103,290,'','','Barton St','L8E 2K6','Hamilton','ON','43.2294251','-79.728970300000'),
(425,332,48,'32','','Caroga Ct','L9C 7M3','Hamilton','ON','43.2252568999999','-79.908251300000'),
(426,333,820,'Unit 1','','Limeridge Rd E','L8W 2H3','Hamilton','ON','43.2107605','-79.848918200000'),
(427,334,122,'','','Park Row N','L8H 4E8','Hamilton','ON','43.2455512','-79.815102200000'),
(428,335,1247,'','','Fennell Ave E','L8T 1T3','Hamilton','ON','43.224086','-79.821592000000'),
(429,336,114,'','','Carrick Ave','L8M 2W6','Hamilton','ON','43.2475289','-79.836106299999'),
(430,337,97,'','','Victoria Ave N','L8L 5E6','Hamilton','ON','43.2561119','-79.855691799999'),
(431,338,146,'','','Palacebeach Trail','L8E 0C3','Hamilton','ON','43.2278992','-79.676997499999'),
(432,339,16,'1','','Ashley St','L8L 5S3','Hamilton','ON','43.252703','-79.850047500000'),
(433,103,48,'Unit 32','','Caroga Ct','L9C 7M3','Hamilton','ON','43.2252568999999','-79.908251300000'),
(434,340,1049,'Unit 48','','Rymal Rd E','L8W 3M3','Hamilton','ON','43.1914285999999','-79.846120199999'),
(435,341,0,'','','','L8S 4E8','Hamilton','ON','43.2673779','-79.9171594'),
(436,342,0,'','','','','Hamilton','ON','43.2557206','-79.871102399999'),
(437,343,55,'7','','Towercrest Dr','L9A 5J1','Hamilton','ON','43.2152829','-79.8773645'),
(438,344,740,'','','Cannon St E','L8L 2G9','Hamilton','ON','43.2525235','-79.836116899999'),
(439,345,355,'1007 buzz code is 2069','','Melvin Ave','L8H 2K9','Hamilton','ON','43.2417776','-79.781267899999'),
(440,346,1280,'Hedden hall','','Main St W','L8S 4M6','Hamilton','ON','43.2585671999999','-79.919243199999'),
(441,347,2,'','','Dalkeith Ave','L8L 3J2','Hamilton','ON','43.2542228000000','-79.818169500000'),
(442,348,1051,'','','Mohawk Rd E','L8T 2S3','Hamilton','ON','43.2146276','-79.823414899999');

/*Table structure for table `users` */

DROP TABLE IF EXISTS `users`;

CREATE TABLE `users` (
  `id` int(10) unsigned NOT NULL AUTO_INCREMENT,
  `name` varchar(255) COLLATE utf8_unicode_ci NOT NULL,
  `email` varchar(255) COLLATE utf8_unicode_ci NOT NULL,
  `password` varchar(60) COLLATE utf8_unicode_ci NOT NULL,
  `remember_token` varchar(100) COLLATE utf8_unicode_ci DEFAULT NULL,
  `created_at` timestamp NULL DEFAULT NULL,
  `updated_at` timestamp NULL DEFAULT NULL,
  `phone` varchar(16) COLLATE utf8_unicode_ci NOT NULL,
  `lastlogin` bigint(20) NOT NULL,
  `loginattempts` int(11) NOT NULL,
  `profiletype` tinyint(4) NOT NULL,
  `authcode` varchar(64) COLLATE utf8_unicode_ci NOT NULL,
  `stripecustid` varchar(64) COLLATE utf8_unicode_ci NOT NULL,
  PRIMARY KEY (`id`),
  UNIQUE KEY `users_email_unique` (`email`),
  UNIQUE KEY `id` (`id`)
) ENGINE=InnoDB AUTO_INCREMENT=349 DEFAULT CHARSET=utf8 COLLATE=utf8_unicode_ci;

/*Data for the table `users` */

insert  into `users`(`id`,`name`,`email`,`password`,`remember_token`,`created_at`,`updated_at`,`phone`,`lastlogin`,`loginattempts`,`profiletype`,`authcode`,`stripecustid`) values 
(1,'Admin','roy@trinoweb.com','$2y$10$rKLl0XAZWkS1b1bxKHE6l.MitqKf2mCS5VlcxVPhTf1a7CUTJqgsO','','0000-00-00 00:00:00','2018-04-10 14:11:34','9055315331',1536427421,2,1,'','cus_CXD47wjKLO8QVm'),
(3,'Van Trinh','info@trinoweb.com','$2y$10$xeee0ncLnR9WAfF.KRvqeuDfhf9UpDNBg8vFRRTBIKWAEWrVLg5Qu','','2017-04-01 21:18:32','2018-08-29 18:06:54','9055315331',1536630988,1,0,'',''),
(4,'Queens Pizza & Wings','queenspizza905@gmail.com','$2y$10$S5SNVTZgWk9Ufe.kLdtaMOOMo2VxRqkXUpv1k/af09Bn1c32UUrcq','','2017-04-01 22:20:18','0000-00-00 00:00:00','',0,0,2,'',''),
(103,'Rony','ronysgu@gmail.com','$2y$10$hGj3TyjDtLvguh4ZVmEZyub1S6XYD4ejG48jlFZEpK01KTu8EGsYy','','2018-04-09 08:49:16','0000-00-00 00:00:00','6472417339',0,0,0,'','cus_Ci6WI4lrTrEMFy'),
(104,'Tommy','tran.tommy@me.com','$2y$10$cq7UMm7u45GvDxWChGM1CuX55ryn3pWMzOiomjFUlXC9kyzozFdpK','','2018-04-14 13:18:39','0000-00-00 00:00:00','9055175502',0,0,0,'','cus_DMGna1hGLbhbEx'),
(110,'Minh','ngocminh89@hotmail.com','$2y$10$J/g962xTz9K8A.2Mqy0au.CjmdCLEmWQYOccH6u5aN3NHXYKZjiSi','','2018-05-15 14:12:44','0000-00-00 00:00:00','9055188531',1533163147,0,0,'','cus_CrtZYEtysdYFRa'),
(111,'2 For 1 Pizza Wings and Subs','hamiltonpizza6+1@gmail.com','$2y$10$6ybzWzEdaC3jI8NcRCt/xuAw.ROO7aKkCnBuYARRsawRmTaaH1Nt6',NULL,'2018-07-03 15:46:17','0000-00-00 00:00:00','',0,0,2,'',''),
(112,'Aberdeen Pizza & Wings','hamiltonpizza6+2@gmail.com','$2y$10$roufRsFrOmztRD4cBMvZ5OTYqwB.OcCAZCakQO./nw8MM.XbOpdTC',NULL,'2018-07-03 15:47:07','0000-00-00 00:00:00','',0,0,2,'',''),
(113,'Le Bella Pizza (Fennell)','hamiltonpizza2@gmail.com','$2y$10$roufRsFrOmztRD4cBMvZ5OTYqwB.OcCAZCakQO./nw8MM.XbOpdTC',NULL,'2018-07-03 15:47:07','0000-00-00 00:00:00','',0,0,2,'',''),
(114,'Andre\\\'s Pizza & Wings','hamiltonpizza6+4@gmail.com','$2y$10$yOVvQnX..t/yZT/JSVlwae64pi18iwI3jskZfpTRJzXXUUK2RKTUm',NULL,'2018-07-03 15:47:28','0000-00-00 00:00:00','',0,0,2,'',''),
(115,'Basilique','hamiltonpizza6+5@gmail.com','$2y$10$CNMQ182RtjEen2n/k7v/5eqD0Ihc2/JvKNxWK.BDxDky3n7kLX/6i',NULL,'2018-07-03 15:47:31','0000-00-00 00:00:00','',0,0,2,'',''),
(116,'Bella Pizza','hamiltonpizza5@gmail.com','$2y$10$piydl.TJDBSK3U20LTqGdeRZF.USmu3uvpss/g9se3eiLQCxlc93e',NULL,'2018-07-03 15:47:35','0000-00-00 00:00:00','',0,0,2,'',''),
(117,'Bruno\\\'s Pizza & Wings (Main St)','hamiltonpizza3@gmail.com','$2y$10$M/4Gp6PcO5DaWqfqQ4ECk.YuH0.iHFJgIaIht9MFBOx4hf.ngzc8i',NULL,'2018-07-03 15:47:40','0000-00-00 00:00:00','',0,0,2,'',''),
(118,'Bruno\\\'s Pizza and Wings','hamiltonpizza6+8@gmail.com','$2y$10$ekXZr15COYttQnPgk72VYO/uStwvza6UqUr71KgmMuEfmlzo3OQyu',NULL,'2018-07-03 15:47:44','0000-00-00 00:00:00','',0,0,2,'',''),
(119,'Buona Vita Pizza Inc.','hamiltonpizza6+9@gmail.com','$2y$10$biVzVaxi/IHKPjUT1udqsuPUscO6OEtTP9K4wvJhHgcsf7vqBQM8i',NULL,'2018-07-03 15:47:57','0000-00-00 00:00:00','',0,0,2,'',''),
(120,'Alfredo\\\'s Place','hamiltonpizza6+10@gmail.com','$2y$10$2XLVibfuN6e2nlv04Sl3WuBRNKsb56wmGrjweYn7NICp5gY75Ydjy',NULL,'2018-07-03 15:48:00','0000-00-00 00:00:00','',0,0,2,'',''),
(121,'City Pizza & Wings','hamiltonpizza6+11@gmail.com','$2y$10$.RX979WgzM7bx1DMJD/9COtVyrxP/dtFPtuH6bR6A7qQVfpbu5EVi',NULL,'2018-07-03 15:48:05','0000-00-00 00:00:00','',0,0,2,'',''),
(122,'City Pizza And Shawarma','hamiltonpizza6+12@gmail.com','$2y$10$WSfsYdfNNXW6lFKNsSeKTuutbbxZpKIQ204r9/RlWrK6ZE1VZFtfa',NULL,'2018-07-03 15:48:12','0000-00-00 00:00:00','',0,0,2,'',''),
(123,'Concession Pizza','hamiltonpizza6+13@gmail.com','$2y$10$S1vYUM/VQl8GtT.QmWLSE.TkW5AUMO9jQY2OjHa0J5FgcWVvWVPSa',NULL,'2018-07-03 15:48:17','0000-00-00 00:00:00','',0,0,2,'',''),
(124,'David\\\'s Pizza & Pastry','hamiltonpizza6+14@gmail.com','$2y$10$q9lYkJ7Qd9VCV/llJ7KNr.v54B65nsLz6jD8rwG5cUQJNxbcK4bO.',NULL,'2018-07-03 15:48:20','0000-00-00 00:00:00','',0,0,2,'',''),
(125,'Diamantino\\\'s Pizza','hamiltonpizza6+15@gmail.com','$2y$10$hP34/OdSiFTTOrDmvIpfROmVVumisLZktIzocQReaAdaOdNorSyHS',NULL,'2018-07-03 15:48:24','0000-00-00 00:00:00','',0,0,2,'',''),
(126,'Diana\\\'s Pizza & Grille','hamiltonpizza6+16@gmail.com','$2y$10$1zyEsKeu7FirjwjDhbl6Q.Qe26LPB4uXnABeVqErRABkRVo.k49DG',NULL,'2018-07-03 15:48:28','0000-00-00 00:00:00','',0,0,2,'',''),
(127,'Double Double Pizza & Chicken','hamiltonpizza6+17@gmail.com','$2y$10$QGocqKsanfXCJU6zyyHj..1maiwQxxREDJxK5R6I76lCquvEcbi7W',NULL,'2018-07-03 15:48:32','0000-00-00 00:00:00','',0,0,2,'',''),
(128,'Express Pizza','hamiltonpizza6+18@gmail.com','$2y$10$ti0IqBnA4BIRGx0N9KujvOPdYcxi1r4On1e3W8oJVCATRdeSIxzJO',NULL,'2018-07-03 15:48:39','0000-00-00 00:00:00','',0,0,2,'',''),
(129,'Famo Pizza And Wings','famopizza@gmail.com','$2y$10$unaI9A2HJkAoYddhY/IIOeYdtSg6UyxjHzg/T2mGNPL9lxoW7LhhO',NULL,'2018-07-03 15:48:43','0000-00-00 00:00:00','',0,0,2,'',''),
(130,'Fire Stone Pizza & Wings','hamiltonpizza6+19@gmail.com','$2y$10$cnq/h6wpCWvOC81I7RDAu.b6BnrOWNGbfIZ.ZIV9XBQmaVTHcKQFy',NULL,'2018-07-03 15:48:48','0000-00-00 00:00:00','',0,0,2,'',''),
(131,'Firestone Pizza and Wings - Mountain','hamiltonpizza6+20@gmail.com','$2y$10$YM8ovBxOq2EUp6g3BZDAYOg12MqfFLd4FbzgEjtVvPevgRUohGbWS',NULL,'2018-07-03 15:48:52','0000-00-00 00:00:00','',0,0,2,'',''),
(132,'First Choice Pizza','hamiltonpizza6+21@gmail.com','$2y$10$4i1223tszkjcUT5r6xGgOe6KLozuzCEq0qBqGnGQUrouVAm2zSRCG',NULL,'2018-07-03 15:48:56','0000-00-00 00:00:00','',0,0,2,'',''),
(133,'Gage Pizza & Wings','hamiltonpizza6+22@gmail.com','$2y$10$sO3OJrCCY8qvDVZg1nOb/.6LLee6cN3va5NVmQx.wnQihIs9xNz82',NULL,'2018-07-03 15:48:59','0000-00-00 00:00:00','',0,0,2,'',''),
(134,'Garth Pizza & Wings','hamiltonpizza6+23@gmail.com','$2y$10$irVn6.cDviufZrn/qvMex.2K3Xyvg6vIVOtaqQDUtLDZKfuDYvscm',NULL,'2018-07-03 15:49:03','0000-00-00 00:00:00','',0,0,2,'',''),
(135,'Greenhill Pizza and Wings','hamiltonpizza6+24@gmail.com','$2y$10$xtwYVoX3gtfvt2rLOx9w/OX.IrNROnY19Mj8ZyIMUuUCWtVgnNoM6',NULL,'2018-07-03 15:49:08','0000-00-00 00:00:00','',0,0,2,'',''),
(136,'Hi-Line Centre Pizza & Wings (Offical)','hamiltonpizza6+25@gmail.com','$2y$10$v1Q8XqB6ZYbcSOoPZcwzU.KyJLhMlxTugwA1SDC8n4XEPBwM8DzeW',NULL,'2018-07-03 15:49:12','0000-00-00 00:00:00','',0,0,2,'',''),
(137,'Hi-Line Pizza & Wings','hamiltonpizza6+26@gmail.com','$2y$10$p62TPDeQ6J8TSR3T7pfmn.uIgfSgqRvrpR921viEvIJjwmpBMlF/.',NULL,'2018-07-03 15:49:19','0000-00-00 00:00:00','',0,0,2,'',''),
(138,'Hot Stone Pizza and Shawarma','hamiltonpizza6+27@gmail.com','$2y$10$aKu5SmtndWIja4w60dMFieQgNRxdVVaphEcoztyp66Q3nRIGG2iji',NULL,'2018-07-03 15:49:22','0000-00-00 00:00:00','',0,0,2,'',''),
(139,'It\\\'s Pizza Time','hamiltonpizza6+28@gmail.com','$2y$10$k32TqSH/R15lUY7GsoF/rOe0Am0wFfBRebDjjLWj4724fFP2DhtPS',NULL,'2018-07-03 15:49:27','0000-00-00 00:00:00','',0,0,2,'',''),
(140,'Joni\\\'s Pizza','hamiltonpizza6+00@gmail.com','$2y$10$fOJPmyn9Dw5pwkye.q/Pw.zHdTZsOt6v6FWj0EDoNfvTeVigBc1dW',NULL,'2018-07-03 15:49:31','0000-00-00 00:00:00','',0,0,2,'',''),
(141,'Knead Pizza','hamiltonpizza6+30@gmail.com','$2y$10$4meQiNLyojkNwW1srXANS.Qx1YOXCFuJyHrPlPSwIZ.TM1VP.jtqa',NULL,'2018-07-03 15:49:34','0000-00-00 00:00:00','',0,0,2,'',''),
(142,'L&C PIZZA','hamiltonpizza6+31@gmail.com','$2y$10$Hm0ZxO7Iex7QtyHHP4Her.i7UaL4x6YxerfjpxaJGYuPrzmO/qadG',NULL,'2018-07-03 15:49:38','0000-00-00 00:00:00','',0,0,2,'',''),
(143,'Lava Pizza','hamiltonpizza6+32@gmail.com','$2y$10$LwFq6/FFEIa5bl7vU2C9muZpbEkXtYvNYAJOXbtlfzCBCtkJFFm72',NULL,'2018-07-03 15:49:45','0000-00-00 00:00:00','',0,0,2,'',''),
(144,'Lava Pizza & Wings (Fennell)','hamiltonpizza6+33@gmail.com','$2y$10$dIJnK14zUMIry5KuUKUje.b5IS5Sq2y69vRJigk9ljAC.9vWoe86G',NULL,'2018-07-03 15:49:49','0000-00-00 00:00:00','',0,0,2,'',''),
(145,'Lava Pizza & Wings (King)','hamiltonpizza6+34@gmail.com','$2y$10$0iRAaC4RRqaQiUdIH/8H/uNHqDOD.FIbyvtISiRmkAMq9WTlAgAHy',NULL,'2018-07-03 15:49:54','0000-00-00 00:00:00','',0,0,2,'',''),
(146,'Lazio Pizza & Wings','hamiltonpizza6+000@gmail.com','$2y$10$lmZOg6VLXti6ROd/A2TIHOVSbD8ILFY4Y7jawkrntsprcuUiSByuO',NULL,'2018-07-03 15:49:59','0000-00-00 00:00:00','',0,0,2,'',''),
(147,'Le Bella Pizza (Barton)','hamiltonpizza6+0@gmail.com','$2y$10$Mum7YuI9XhjkEtAeFVOTieB2Z5zxldnkswyX1F0l5IJFCj6wAM.Ea',NULL,'2018-07-03 15:50:03','0000-00-00 00:00:00','',0,0,2,'',''),
(148,'Limeridge Pizza & Subs','hamiltonpizza6+37@gmail.com','$2y$10$devOIButAjPHpapTCEJFKeSjyW5Ad4Ed/vk8XWmKw1x6jHthAZMl2',NULL,'2018-07-03 15:50:09','0000-00-00 00:00:00','',0,0,2,'',''),
(149,'Limeridge Pizza & Wings','hamiltonpizza6+38@gmail.com','$2y$10$oYls4Dh6rawF439i.9kavevFUA6ijW2T/H.wwTj0Vj7Dk0R4Jow2.',NULL,'2018-07-03 15:50:12','0000-00-00 00:00:00','',0,0,2,'',''),
(150,'Marino Pizza And Wings','hamiltonpizza6+39@gmail.com','$2y$10$QAe35Qo3B9PNLkTUuHAtauxGR92nDQ0uH6Hv11I4CojZ92BFXYLRm',NULL,'2018-07-03 15:50:15','0000-00-00 00:00:00','',0,0,2,'',''),
(151,'Mario\\\'s 2 For 1 Pizza','hamiltonpizza6+40@gmail.com','$2y$10$9Puw626/pOSfyedWM/G6lea8LGtlkamxV6DCpwZ239DGEoWbEULD6',NULL,'2018-07-03 15:50:19','0000-00-00 00:00:00','',0,0,2,'',''),
(152,'Mario\\\'s Pizza & Wings','hamiltonpizza6+41@gmail.com','$2y$10$OoFhlqqZmS394fbOUa5SuesKtOnuPnCiYT8rTWAOj7W2NVASNO6gK',NULL,'2018-07-03 15:50:23','0000-00-00 00:00:00','',0,0,2,'',''),
(153,'Mattina Pizzeria','hamiltonpizza6+42@gmail.com','$2y$10$3jLMxVI8xRk48/Bj.X8PN.Hh0UNDYfUGt8VxnMMR8Mv403BYpag1.',NULL,'2018-07-03 15:50:39','0000-00-00 00:00:00','',0,0,2,'',''),
(154,'NàRoma','hamiltonpizza6+43@gmail.com','$2y$10$EjxY3A5BX5YhGbO/uiDdY.I2QCW9RywA1HClqUhJ7K2XgKrKVsNVS',NULL,'2018-07-03 15:50:43','0000-00-00 00:00:00','',0,0,2,'',''),
(155,'National Pizza & Wings (Upper James)','hamiltonpizza4@gmail.com','$2y$10$9MQkIRTl3FqOI6C6TnsTGegF.pAQOdc8utMWPZCVa7aIBkMWK1Ptq',NULL,'2018-07-03 15:50:48','0000-00-00 00:00:00','',0,0,2,'',''),
(156,'National Pizza & Wings','hamiltonpizza6+45@gmail.com','$2y$10$5KdLI7yFJoKyJQzeHR8H0.cyXaZfMGLxZxuhfZueD5gbyD.BGaZai',NULL,'2018-07-03 15:50:51','0000-00-00 00:00:00','',0,0,2,'',''),
(157,'National Pizza Place','hamiltonpizza6+46@gmail.com','$2y$10$dYW8iYa1Ko7M4AdwNkTaVOPfCaxCSAFBoOLiVWqs2R8vAL7NuZesK',NULL,'2018-07-03 15:50:55','0000-00-00 00:00:00','',0,0,2,'',''),
(158,'Niva Pizza & Wings','hamiltonpizza6+47@gmail.com','$2y$10$oMRuKo/FJlbt3HecCJ.KCuhGXUdRz0zvoJiZ9W5E/VHzJT/B5p71G',NULL,'2018-07-03 15:51:03','0000-00-00 00:00:00','',0,0,2,'',''),
(159,'Papa Pauly\\\'s Pizza','hamiltonpizza6+48@gmail.com','$2y$10$cz/OBbhl6DsP5hDXcDOc4.6Xbl4RSNg17ph1IfxoAb8o7uV4ZXHcO',NULL,'2018-07-03 15:51:08','0000-00-00 00:00:00','',0,0,2,'',''),
(160,'Pisa Pizza','hamiltonpizza6+49@gmail.com','$2y$10$TtZcf7e88SRB4z4aLQx4Fu8MFA7.TnofB8uUyzMIdl4b2JGZ8bp6C',NULL,'2018-07-03 15:51:14','0000-00-00 00:00:00','',0,0,2,'',''),
(161,'Pita Pizza','hamiltonpizza6+50@gmail.com','$2y$10$pagihZfXKrPdsaJ1RTP3yeBRQ8LQGfG5iipUUuZsEpMOodKd/uCky',NULL,'2018-07-03 15:51:17','0000-00-00 00:00:00','',0,0,2,'',''),
(162,'Pizza Bell & Wings','hamiltonpizza6+51@gmail.com','$2y$10$L1G6witrUX.p68X3XpepQuxNn4RRLcJjC9QaYQl8xPzIjjqbj7hye',NULL,'2018-07-03 15:51:21','0000-00-00 00:00:00','',0,0,2,'',''),
(163,'Pizza Depot','hamiltonpizza6+52@gmail.com','$2y$10$MuTOpQvrp.6qofHXBBquX.dpq.fm7VDeQhMgj6QVEmR78Tg7Dtb5u',NULL,'2018-07-03 15:51:24','0000-00-00 00:00:00','',0,0,2,'',''),
(164,'Pizza Inferno','hamiltonpizza6+53@gmail.com','$2y$10$jNFNo292xRcndf8RffMvQuPjbnZMRyvfmGqKIN3do2cUGfrZPNCHq',NULL,'2018-07-03 15:51:28','0000-00-00 00:00:00','',0,0,2,'',''),
(165,'Pizza Italia','hamiltonpizza1@gmail.com','$2y$10$klV1GTYjrOQi134XOnNVAOkR/46ppHV6VpD9.lLJX/gM2P8K2Kqvy',NULL,'2018-07-03 15:51:35','0000-00-00 00:00:00','',0,0,2,'',''),
(166,'Pizza World','hamiltonpizza6+55@gmail.com','$2y$10$PgxXoFTDCbG.jcpDEILBpeg4ywE4mLu/HHWM5cYlHMpC4Jva2WX0S',NULL,'2018-07-03 15:51:39','0000-00-00 00:00:00','',0,0,2,'',''),
(167,'Pizza Yolo','hamiltonpizza6+56@gmail.com','$2y$10$s5pKvmtUeRKd7hS2lwskZOa9.d1hOw6KwUyHxO0TLfu/rhzowViDy',NULL,'2018-07-03 15:51:43','0000-00-00 00:00:00','',0,0,2,'',''),
(168,'Pizzeria Gurman','hamiltonpizza6+57@gmail.com','$2y$10$5yYiTJ35y4cAfLdxlj5hpOqMYfcUqhRuje4WCJFNKwZEQ/iq3Uv66',NULL,'2018-07-03 15:51:49','0000-00-00 00:00:00','',0,0,2,'',''),
(169,'Plaza Pizza & Wings','hamiltonpizza6+58@gmail.com','$2y$10$Xi558t8U0Ub8iH9Oc3QEoOCVmQdEYtVxwRkeeyMwSQUmneJRqX7da',NULL,'2018-07-03 15:51:54','0000-00-00 00:00:00','',0,0,2,'',''),
(170,'Poppi\\\'s Pizzeria & Grill','hamiltonpizza6+59@gmail.com','$2y$10$ldaYIbJPicfpPLWgSXn7suuecBt93pk5jzbxLjUMOCB.QPNtWtb6q',NULL,'2018-07-03 15:51:58','0000-00-00 00:00:00','',0,0,2,'',''),
(171,'Quality Pizza & Wings','hamiltonpizza6+60@gmail.com','$2y$10$ZMDZuNvYaHVT4CAc.QauxuD6IGoy541JilZITXOKR8.f.MtFTzUYC',NULL,'2018-07-03 15:52:04','0000-00-00 00:00:00','',0,0,2,'',''),
(172,'Queens Pizza & Wings (King St E)','hamiltonpizza6+61@gmail.com','$2y$10$HxmsZM76i4ycCvA40ipNNuMY6YNBZVaDRucXovOgOZ5huVKnK1eA6',NULL,'2018-07-03 15:52:16','0000-00-00 00:00:00','',0,0,2,'',''),
(173,'Romano\\\'s Ristorante','hamiltonpizza6+62@gmail.com','$2y$10$KiMmj0s4.gW1oEI1ZpQ3duSZNLklSlPTsm5ScGF9s/zWNFPi3DEbC',NULL,'2018-07-03 15:52:19','0000-00-00 00:00:00','',0,0,2,'',''),
(174,'Royal Pizza & Wings (James)','hamiltonpizza6+63@gmail.com','$2y$10$7Ox8jhVNLs2O1MrUYV.oG.S5I5Jtta1drSiWeSGc0bsq/9LOqLc1e',NULL,'2018-07-03 15:52:25','0000-00-00 00:00:00','',0,0,2,'',''),
(175,'Royal Pizza & Wings (Queenston)','hamiltonpizza6+64@gmail.com','$2y$10$pOZqh2KcVnimI9LIbqqNh.Kl2HwrvENWWWfnML9RNmZYEbPEz11vG',NULL,'2018-07-03 15:52:29','0000-00-00 00:00:00','',0,0,2,'',''),
(176,'Rymal Pizza-Wings','hamiltonpizza6+65@gmail.com','$2y$10$jgD777XX3pR5VrlEnmwQK.NQ7bKvrqnPzVIvxsABwQJZVHz.JLRk2',NULL,'2018-07-03 15:52:37','0000-00-00 00:00:00','',0,0,2,'',''),
(177,'Sasso','hamiltonpizza6+66@gmail.com','$2y$10$vE6CYQDyei5XhroQ0rUPt.QhvrTN0jp/f.WsBPXz/iSwJdCNp9HN2',NULL,'2018-07-03 15:52:44','0000-00-00 00:00:00','',0,0,2,'',''),
(178,'Select Food Mart and Pizza','hamiltonpizza6+67@gmail.com','$2y$10$dFmBmXWXRlxngoPTQfa7L.I35VEKpFOkON.mgfjMb0j98GjRiFoNe',NULL,'2018-07-03 15:52:47','0000-00-00 00:00:00','',0,0,2,'',''),
(179,'Super Pizza & Wings','hamiltonpizza6+68@gmail.com','$2y$10$fRDncQeFfGhtoWuwcj1Pru7HadXUfg1LFrxzi6UVVrh0af7juntl6',NULL,'2018-07-03 15:52:55','0000-00-00 00:00:00','',0,0,2,'',''),
(180,'Supreme Pizza','hamiltonpizza6+69@gmail.com','$2y$10$.7RBBqXmXRGHMk3A2KWiiuxRzGYU5fFDE4cdk7WnbkppJyXp2rlfS',NULL,'2018-07-03 15:53:00','0000-00-00 00:00:00','',0,0,2,'',''),
(181,'Tasty Pizza','hamiltonpizza6+70@gmail.com','$2y$10$nsa49eyc0p4UMMnjCELR4uz40LJkPkOFDvuZv/AsWQXIAjEncvPMG',NULL,'2018-07-03 15:53:03','0000-00-00 00:00:00','',0,0,2,'',''),
(182,'The Golden Pizza','hamiltonpizza6+71@gmail.com','$2y$10$7k6wZCGU2TpBxbqU4CXtCe0ETwmW8uyN2nMo0D5f.4uPHDBAJ4eai',NULL,'2018-07-03 15:53:06','0000-00-00 00:00:00','',0,0,2,'',''),
(183,'The Pizza House','hamiltonpizza6+72@gmail.com','$2y$10$JnCrKvSiURNMISpsyiAlPO6bMuZIC0gGCzUmHR9aGrxjukN75NGuW',NULL,'2018-07-03 15:53:10','0000-00-00 00:00:00','',0,0,2,'',''),
(184,'Hamilton\\\'s Best Pizza','dvt1985@hotmail.com','$2y$10$ai737xYpa4iuDVQV1QG4W.QQOxGnYot/ksAkFkLnUXQ/.1.kwGUr.',NULL,'2018-07-03 15:53:15','0000-00-00 00:00:00','',0,0,2,'',''),
(185,'Venice Beach Pizza & Wings','hamiltonpizza6+74@gmail.com','$2y$10$oIi1x72yqTCnIqQm2diV5.S3tr8XJyNgPMVy7ytz6QNo..Kd7m/26',NULL,'2018-07-03 15:53:18','0000-00-00 00:00:00','',0,0,2,'',''),
(186,'Weston Pizza And Wings','hamiltonpizza6+75@gmail.com','$2y$10$9Y3DEehS/yziDtlgtGbpq.Fzu4bCyc/9Jw8TbN.7Vag6rxw0Vw9qK',NULL,'2018-07-03 15:53:22','0000-00-00 00:00:00','',0,0,2,'',''),
(198,'2222','info+123123@trinoweb.com','$2y$10$qLslDOrP6DhwdGqm0CNxu.eXOZ9zIuljbZlbhlTf45iGFScPOtbai','','2018-07-18 15:51:33','0000-00-00 00:00:00','9055315331',0,0,0,'','cus_DFrQN0aOjZFVR5'),
(199,'Oe','info+99@trinoweb.com','$2y$10$uNyaWUWsP5r8CPPvW3XkseWjIaqY2fcirpiDY4R0XLxMSnkuDpJTu','','2018-07-18 22:11:47','0000-00-00 00:00:00','9055315331',0,0,0,'','cus_DFxYyCAb9Dld2r'),
(200,'Anndy','anndyle@gmail.com','$2y$10$.c1Tqz9TJUP96VfFD7iUO.LkVsn48KFxARQFhU0d6qUzPhLOeiIj2','','2018-07-19 17:47:06','0000-00-00 00:00:00','',0,0,0,'',''),
(201,'Mo','yesmostafa@gmail.com','$2y$10$DncZmAQIUs/OvLbAgM9DR.3K9Q/6w0g30h5tZkaoVPx46UsER1leO','','2018-07-20 12:17:28','0000-00-00 00:00:00','',0,0,0,'',''),
(202,'Rania Ahmad Shofani','Alsafys170@gmail.com','$2y$10$bk/lJflvfNCU958UNBOjQO6KODD545oi6Sft0ShdDYZq/SGHdNuge','','2018-07-20 13:04:03','0000-00-00 00:00:00','',0,0,0,'',''),
(203,'Ba','ajg@sfir.ca','$2y$10$tKqyCNAPQBtiNAXO07PwdeENzIoSV77QGn8nSGwc6ha/ZfkyLqpTK','','2018-07-22 11:07:14','0000-00-00 00:00:00','',0,0,0,'',''),
(204,'Jadon Cohen','biznez_66607@hotmail.com','$2y$10$B6abz9NhTewwkiAEhISII.wxLEMpQR5yVjUZwidUlMtchOQTKd8ma','','2018-07-22 11:14:59','0000-00-00 00:00:00','',0,0,0,'',''),
(205,'Kirat Saini','kiratsaini1@gmail.com','$2y$10$9QpCmhSmBWRTGKpi6qRkd.judATaAUUZD150dpyjMG8/YFsgXuOsa','','2018-07-24 15:53:50','0000-00-00 00:00:00','',0,0,0,'',''),
(206,'Van','Ngocminh898@hotmail.com','$2y$10$LgkGUK/5ynvvEMaJbG20b.dnypqbTgDeogESpb.vihD0x4Qa5CNrm','','2018-07-24 20:39:35','0000-00-00 00:00:00','',0,0,0,'',''),
(207,'Ellen Trinh','ellentrinh17@hotmail.com','$2y$10$pn1nPWITEa6wk6A151kJJuVekkOeXIeIebt4jke53lnV7nycbTrg6','','2018-07-26 19:40:04','0000-00-00 00:00:00','2897006367',1533827800,3,0,'','cus_DO1zaIijqX6I0M'),
(208,'Minh Trinh','info+10@trinoweb.com','$2y$10$VZ4t.2FR7E6Utwcr0lpvsONJgfM5oirHF3VmfmQPjFeftq.Lq9yZO','','2018-07-28 18:41:32','0000-00-00 00:00:00','9055315331',0,0,0,'','cus_DJeQ3sUFwoV1bK'),
(209,'Trang Le','tinattle84@yahoo.com','$2y$10$Je5kQn4xjmImFw2mjUcyVuzPcmGRZeqq5e53oc981Mt4Vw2CPDi3W','','2018-07-28 21:24:50','0000-00-00 00:00:00','2892442729',0,0,0,'','cus_DJhDjxBrPUwRrJ'),
(210,'William Carmichael','willidog@outlook.com','$2y$10$cClijF.DtevBhAj0NV1sdu2eFLInQOY89fXM3PEpoYkpxEDwSjxvm','','2018-07-29 11:18:15','0000-00-00 00:00:00','',0,0,0,'',''),
(211,'Van','info+333@trinoweb.com','$2y$10$cveHCAHMmA3keOJwl1T/XO0qZmgKi9.imKYQ0PpVRXAjEg9urg8iS','','2018-08-04 11:20:04','0000-00-00 00:00:00','9055555555',0,0,0,'','cus_DM9t4K7SXS7x1T'),
(212,'Raj Patel','rajpiyush007@gmail.com','$2y$10$0ISpe.QIapLOEtRnkSEC6.wbuvXHwt8jVeJiEPHYU0OJRQb2zO5Ci','','2018-08-04 13:40:44','0000-00-00 00:00:00','',0,0,0,'',''),
(213,'Eryk Kokoszka','ekokoski03@gmail.com','$2y$10$6mUJ33Oce.HrVzB79OoYY.gcvUYVRvhuqyaluYt3Ak54boz2cfyAq','','2018-08-04 13:46:09','0000-00-00 00:00:00','',0,0,0,'',''),
(214,'Francis','franciskadrowgapasin@yahoo.ca','$2y$10$xz79PpwnvzRLayFXTLqfLOeMTtWjNZ0XmolT6pl10O2KPjai8viqW','','2018-08-04 13:53:25','0000-00-00 00:00:00','',0,0,0,'',''),
(215,'Natasia','tasia.marie77@gmail.com','$2y$10$bPefUZMSIgDP7MzhZ1pWI.Gj/kCuGfVlyJ/T4SKtsmDq1tyYnE/sC','','2018-08-04 14:00:43','0000-00-00 00:00:00','',0,0,0,'',''),
(216,'Chloe','mrsmonk345@gmail.com','$2y$10$mGQlGbCigG93hXHiWNJO9ehCKy6CC2Sq9mWzswv5HjCkYAdRuFVBi','','2018-08-04 14:01:15','0000-00-00 00:00:00','',0,0,0,'',''),
(217,'mike hansen','mikeyhansen@hotmail.com','$2y$10$0Uta/mGQjRW.4Fctbk3jp.PC6rTLuDAkfUUg7wwNX/3RpPu8ZT4wy','','2018-08-04 14:08:18','0000-00-00 00:00:00','',0,0,0,'',''),
(218,'Salman','vohrasalman26@gmail.com','$2y$10$pd/Mak7gF7fazGkerggUcuGtLBemE0WFNPZu1KsQcNS4g.QFjmpi2','','2018-08-04 14:52:20','0000-00-00 00:00:00','',0,0,0,'',''),
(219,'Montana','alqadri@hotmail.com','$2y$10$TgGdAC6thXwuIaV3clZzCOZNN81XsEsL3/uuhryTJ94No9s5NCcCm','','2018-08-04 15:01:08','0000-00-00 00:00:00','',0,0,0,'',''),
(220,'Anna','atheeral@hotmail.com','$2y$10$7AUtwkjZHW.nBZDDjdPbs.pc7.tgkTVM.OgxaCqdrQMnFAJtm7yxK','','2018-08-04 15:02:20','0000-00-00 00:00:00','',0,0,0,'',''),
(221,'Richard','richardkyma24@gmail.com','$2y$10$pxz7msTCVpBLfybW2bQswOLkuNuW2n9gpzZGQLCmEiONGelDFnRl2','','2018-08-04 15:04:40','0000-00-00 00:00:00','',0,0,0,'',''),
(222,'Danny Ho','danny.ho15@hotmail.com','$2y$10$oBoqRNpxZnggoMMrsK7UcuR2yFs/pWXQNwH4WY1HRqtg8K1g8vPqi','','2018-08-04 15:07:56','0000-00-00 00:00:00','',0,0,0,'',''),
(223,'Chrisann','chrisannhinds22@gmail.com','$2y$10$.VawiPReYGuJvFtJBOBlxO0FJISbWDVsKMi.Rli0vkIBOrrZNlmh2','','2018-08-04 15:15:53','0000-00-00 00:00:00','',0,0,0,'',''),
(224,'Chris McKee','rickjames42@hotmail.com','$2y$10$/GrxVE4mzZ2CMhfPy20O1uF7toXNQ6WcM9RxPYnlA/P6m/fJR9gT6','','2018-08-04 15:17:14','0000-00-00 00:00:00','',0,0,0,'',''),
(225,'JP Brevetti','john_paul_1994@hotmail.com','$2y$10$Zpj8il1l0asbxJkZIVRFvevybVGvLnowze8DmbfA.O6XOATVcAiJG','','2018-08-04 15:19:25','0000-00-00 00:00:00','',0,0,0,'',''),
(226,'Ryan','ryan.kavanaugh@cogeco.ca','$2y$10$WNgMQihjpWY3baxnnPH.IOdqN/luj0uIO0IH6VxhO/oqUVBpBuHju','','2018-08-04 15:20:57','0000-00-00 00:00:00','',0,0,0,'',''),
(227,'Rooh Kailey','bstwkailey@hotmail.com','$2y$10$ReRnLY2N171qQKVTYmwdx.AVXKraOLQIzg7ubAp7f9E2pd3s04Xn2','','2018-08-04 15:33:16','0000-00-00 00:00:00','',0,0,0,'',''),
(228,'Victor Bajada','bajada.victor@gmail.com','$2y$10$mwp.guIyODHR.dwHpvdRiuEafi5PXj9eyqYxdHOvR5hV1Ilkp9r0W','','2018-08-05 16:16:54','0000-00-00 00:00:00','',0,0,0,'',''),
(229,'HK Davidson','thefuzzymethod@gmail.com','$2y$10$as8IkDvrSFUTuqd3bnNuWOYDLJ.Jp2zFWtMpvRtQ6oxchKRWO4mUK','','2018-08-05 16:19:40','0000-00-00 00:00:00','',0,0,0,'',''),
(230,'Max Iannone','maxx.iannone@gmail.com','$2y$10$G3rRPanWAhRbl45kUSc36e9C8K/3tBDaGbBlSVddkQB8CNrprSXyK','','2018-08-05 16:28:43','0000-00-00 00:00:00','',0,0,0,'',''),
(231,'Sandra Barnhart','sandra052785@gmail.com','$2y$10$NWASlS6Qq1lyQ./p.OAf9OAkSFakTyX4rO1hL.JW4AMj77u5bJcrO','','2018-08-05 16:52:34','0000-00-00 00:00:00','',0,0,0,'',''),
(232,'Alex','nothingster@gmail.com','$2y$10$ETrcQNwWxmGN/5r8RpNRnOsV5Jqiu4OnGWyImQn4xn/04ouIAxLDu','','2018-08-05 17:09:07','0000-00-00 00:00:00','',0,0,0,'',''),
(233,'Vanessa','rockinrae@icloud.com','$2y$10$CneQqxxmuZkJIuqTw28KIu5MrKhVxuzjtXCkxqsQpmbCf1IMIjJYC','','2018-08-05 17:38:39','0000-00-00 00:00:00','',0,0,0,'',''),
(234,'Jason Stross','jay_0427@hotmail.com','$2y$10$jR31vp0qmkRGM.rnGQXy2ul4HiyOobS6v.Mri0oJTpgJ4kgCXdb.K','','2018-08-05 17:42:25','0000-00-00 00:00:00','',0,0,0,'',''),
(235,'Fake account - why isn\'t your info public','fakeaccount@gmail.com','$2y$10$eTSfP908qO3NzDjWErGPLeY473GrsSdKVKJTxAiiCPjDl0e7X8ylK','','2018-08-05 17:46:52','0000-00-00 00:00:00','',0,0,0,'',''),
(236,'Jay','jayoakes31@gmail.com','$2y$10$lnI3m6ZiCWb9AkfAnUzuFe.NZ93lVLMJ3J4u4L6uXjI1LbQf1QAwa','','2018-08-05 17:51:47','2018-08-05 18:11:23','(289) 925-6237',0,0,0,'',''),
(237,'dave','coorslitecl@gmail.com','$2y$10$dU8PHOR1bNrJ4mksrIqvMuNVa7kF/aBh73k2efqsJZ0PPxIJ01PpK','','2018-08-05 18:11:32','0000-00-00 00:00:00','',0,0,0,'',''),
(238,'John Zych','jgzych@gmail.com','$2y$10$gr4v2/cYFqYrZiXQutQ4xuec3Nm0tAXbWrIuaWM78scaL5Bvy4hTi','','2018-08-05 18:13:09','0000-00-00 00:00:00','',0,0,0,'',''),
(239,'Liz','ebowerman42@gmail.com','$2y$10$r5xroEIR6sgzD/CkbkgVH.GS5.kVR0xe6Zinq3XUmmM5lc0LU9vXO','','2018-08-05 18:36:07','0000-00-00 00:00:00','',0,0,0,'',''),
(240,'Cece Varrasso','cecevarrasso@gmail.com','$2y$10$fn6nJ.guv249SdUMgoPSbu2fXwkmRK0UnApA74qqOATmrtnnr9moC','','2018-08-05 18:44:48','0000-00-00 00:00:00','',0,0,0,'',''),
(241,'Liam Kelly','liamkelly2424@gmail.com','$2y$10$FjMGUS74.tTMznrJ.JflzOytWRcg3HwxzaBFPftDdtrfry6CGyIMi','','2018-08-05 19:01:41','0000-00-00 00:00:00','',0,0,0,'',''),
(242,'Cathy Davidson','cathyboudreau@gmail.com','$2y$10$FGKQOZJiPu66gVsLIWzo7Os6GhW3DjnXhiyDkY6xJfBpKXo9gJusq','','2018-08-05 19:01:51','2018-08-05 19:02:19','9055379085',0,0,0,'',''),
(243,'William kummer','williamkummer7@gmail.com','$2y$10$F6Mt3BFJtJglTKAO1oxjcOo8Ccxh0SvRrI.VHvFN0BKo3gb6HGlQG','','2018-08-05 19:44:13','0000-00-00 00:00:00','',0,0,0,'',''),
(244,'Kristoffer','cuachokj@gmail.com','$2y$10$3b80yIWyJU7FLiYZdAabNOVXUZm83Unh11AgDwjlQ3PnU2l4cfwPm','','2018-08-05 19:50:35','0000-00-00 00:00:00','',0,0,0,'',''),
(245,'Lisa','calledout8@hotmail.com','$2y$10$avS3RgQl2aTQzOevblckCu6Rib5./807fu38hFZLlBKCMSsJ5/t02','','2018-08-05 19:54:52','0000-00-00 00:00:00','',1536379115,2,0,'',''),
(246,'Mackenzie Copeland','mackenziecopeland34@gmail.com','$2y$10$lLZsAW4sR1r2MF8A8iGd6OwRzckZuTZWjtXBs590yFAVk141lZX..','','2018-08-05 19:59:08','0000-00-00 00:00:00','9055703763',0,0,0,'','cus_DMfUmaR2IzHMyb'),
(247,'Charlie Gaziano','CharlieMPK@gmail.com','$2y$10$9gSqo6EVkKgRI7V84RCRW.coewWY9pBZD1Jp2bt2gKeb9VF879fjS','','2018-08-05 20:52:02','0000-00-00 00:00:00','',0,0,0,'',''),
(248,'Stephen','skyline_evo8@hotmail.com','$2y$10$L07Yna0hz2YE850XAvxVvuJOTB4xuWpD9MuSUIb1PEM4aAmaW2O.6','','2018-08-05 21:16:13','0000-00-00 00:00:00','',0,0,0,'',''),
(249,'Steve','stevecollura@gmail.com','$2y$10$AF2M0JM0xJjJSD1oHohPJ.iqQ5TNCQAwvly4iq/5bLn8vAQ4V7sO.','','2018-08-05 21:16:35','0000-00-00 00:00:00','',0,0,0,'',''),
(250,'Kyle O\'Sullivan','osullivan13@gmail.com','$2y$10$F0NZedzWX.UFmHHgR2f/fuggQMsQIAIX8rEjRYnVHC0cbsZkzBr7S','','2018-08-06 06:18:29','0000-00-00 00:00:00','',0,0,0,'',''),
(251,'Garry Sled','spnm17rlly8r@opayq.com','$2y$10$PrZxqfxLTg7YpZSI6.LBVuoHIfMav/OJklpyMR37RnD8Dn/0ISV6G','','2018-08-06 06:50:25','0000-00-00 00:00:00','',0,0,0,'',''),
(252,'Daryl Kaytor','Darylk@gmail.com','$2y$10$hTmc5JQ2tU3vHI1UdlIRa./WztOXjjfIoNxq5nkcPO3r1UtBNVHqe','','2018-08-06 07:23:48','0000-00-00 00:00:00','',0,0,0,'',''),
(253,'Matthew Paquette','mpaquettr@gmail.com','$2y$10$OtutTyfhl1MgZliaNkAiReZ37uVI4SToghqrJ0dbkYO35ChtpYsu2','','2018-08-06 10:45:53','0000-00-00 00:00:00','',0,0,0,'',''),
(254,'Stefan Kupych','stefankupych@gmail.com','$2y$10$v9lcRIckGnJyqnDQYgtZ9uwHja.QNrA.8ma0PURVVic8h1HKEMq2u','','2018-08-07 14:32:27','0000-00-00 00:00:00','',0,0,0,'',''),
(255,'Stephen Howson-Jan','blade.leader@gmail.com','$2y$10$.Ww6oVw92tu4a6Vu6SdjjuGguQbHDE1AtAwGYPuISnIGsMmnsrQHG','','2018-08-08 19:46:09','0000-00-00 00:00:00','',1536530936,6,0,'',''),
(256,'Jason','fdc1@live.com','$2y$10$j5RbJ6jc7n6w4H1ktP2Iuucsaxw6PIdnmUh0qoEr4jW.BVlAkZWE2','','2018-08-13 17:30:56','0000-00-00 00:00:00','9055818921',0,0,0,'','cus_DPcyROwQkpbXYa'),
(257,'Josh Gaber','joshgaber@gmail.com','$2y$10$84mLxXwPlxg9EYPMtgX4..FHKv05/Q8GXnFN2QOElnFFfsr0jfifu','','2018-08-14 18:11:42','0000-00-00 00:00:00','9055312614',0,0,0,'','cus_DQ0q3MYvhlpR5l'),
(258,'Fuchsia','princesspurplepink79@gmail.com','$2y$10$jlbDAsjxaJHIxRU76.CV6OZsE7XnPDrS.XFtOZF4J9r8lAoXfkj9i','','2018-08-15 12:59:50','0000-00-00 00:00:00','',0,0,0,'',''),
(259,'Leigh','leigh_mt@hotmail.com','$2y$10$E0kU6vA1hp.kRbK/ZjLc0e/DGSKD94OtU2dqpr8W36fTRwv5yCDHi','','2018-08-20 13:20:45','0000-00-00 00:00:00','',0,0,0,'',''),
(260,'Sheldon Hyatt','sheldonhyatt08@gmail.com','$2y$10$ggi4B7jFJ.0SgRxVhbc/Ieu7TfljvZf9Cp13e5y6sKuMJm7qe92eG','','2018-08-21 14:24:47','0000-00-00 00:00:00','',0,0,0,'',''),
(266,'Vera','vera.tiger@hotmail.com','$2y$10$ZraqrVeCu0h16Cbbos6Nl.oua4AhfJL5h79ynnIaebg5cl69ZGRhi',NULL,'2018-08-25 19:38:40','0000-00-00 00:00:00','',0,0,0,'',''),
(267,'Rebecca','beckibeatty_6@hotmail.com','$2y$10$mfclejv.9xK2041g72DsveYcRj7njed3hng.pFKqaqHBNgbeo8.y2',NULL,'2018-08-25 19:58:34','0000-00-00 00:00:00','',0,0,0,'',''),
(268,'Andy','andyluchies@gmail.com','$2y$10$iPwlT8Gp5ik27KpT/qY7xOfk1/7Eu96mWEePy6dvDJSKH.Y8gv3sK',NULL,'2018-08-25 22:04:46','0000-00-00 00:00:00','',0,0,0,'',''),
(269,'Shelley Rutledge','shelley-460@hotmail.com','$2y$10$MllrDXiXtS1cZrwJoWE2cOr7pLmsEcJZl571d719pIvqttBFB4ZIO',NULL,'2018-08-25 22:17:24','0000-00-00 00:00:00','',0,0,0,'',''),
(270,'Danielle','danielledelaharpe39@gmail.com','$2y$10$OnyhVSses6OZSMwU0eezG.cJyL/GcJ0Dy9mfn86BgNihGuAI9x7jm',NULL,'2018-08-25 22:26:45','0000-00-00 00:00:00','',0,0,0,'',''),
(271,'cheryl sharpe','cher66ca@hotmail.com','$2y$10$FC9QyQoN.nqU/QnpbUzc8OP4yBmCjzOrqQdgEZ3Dm8dcm.C7Z/quy',NULL,'2018-08-25 23:41:35','0000-00-00 00:00:00','',0,0,0,'',''),
(272,'Katie','katiebliedung1983@hotnail.ca','$2y$10$HKKhBzUWCVivbXj3kC7kUuCdNI7uzWC6u0r4B/O6sOXb493kB4ZVa',NULL,'2018-08-26 01:36:10','0000-00-00 00:00:00','',0,0,0,'',''),
(273,'Evan Gaddye','evangaddye@hotmail.com','$2y$10$y8LW.5I.2COhn47rmO8kseObRWsJzx/d0R9IXaJw/IOjAseXqXupy',NULL,'2018-08-26 02:55:30','0000-00-00 00:00:00','',0,0,0,'',''),
(274,'martin','roadhawk94@gmail.com','$2y$10$dRiNvY60KEsxcIW1/OIpv.Fp1xpcglpF5Tgof7HZgLsUGUxPnnpNa',NULL,'2018-08-26 09:11:27','0000-00-00 00:00:00','',0,0,0,'',''),
(275,'Anne-Marie','mzanniex0@gmail.com','$2y$10$rJWCcLU5IVcrVrOkHR0hi.rEn8aUyDISzo8k3Q6.raTf0oQaML8AW','','2018-08-26 09:21:56','2018-08-26 09:23:35','2897786885',0,0,0,'',''),
(276,'Daniel Long','danimalrising@gmail.com','$2y$10$bxN/ocis1683FY01C8xt8e56wDEBBazkrN91U8ZObsUcnSzcWCYAi',NULL,'2018-08-26 09:56:40','0000-00-00 00:00:00','',0,0,0,'',''),
(277,'Mike Rankine','djcurv905@gmail.com','$2y$10$0jTIElGPXXwyrVYeWnOseeG6T0evUTM2aWFoyqMYx8bcFh/BsBHt2',NULL,'2018-08-26 10:32:20','0000-00-00 00:00:00','',0,0,0,'',''),
(278,'Brandy','113branmuffin@gmail.com','$2y$10$CLi98zfxa23Oe0rqK3bfIut8qFUhNmZlFr6tnb1GpaXMA/5adtwY.',NULL,'2018-08-26 11:26:56','0000-00-00 00:00:00','',0,0,0,'',''),
(279,'Gary','gary.earle.dennis@gmail.com','$2y$10$nIBCUH4RfcW3ox0OD7GzhuXDenNutvxGPZBSNOZwhkNMkAC0APJmG',NULL,'2018-08-26 13:23:00','0000-00-00 00:00:00','',0,0,0,'',''),
(281,'Tesha Fleming','teshafleming671@gmail.com','$2y$10$iS3MTa9hbhFlcw9oHph3r.JyK1zPJoqsXfH1vzB8UQqfm43rO9f72',NULL,'2018-08-26 14:12:43','0000-00-00 00:00:00','',0,0,0,'',''),
(282,'Wendy Oakes','wrogal@hotmail.com','$2y$10$vY5NnPPTGbO3yEXC7ZJU5ukGlDJcN02R8S4whQjlDedXrWsELFWbO',NULL,'2018-08-26 14:14:39','0000-00-00 00:00:00','',0,0,0,'',''),
(283,'darlene','darmassel@hotmail.com','$2y$10$ak.HT8T3sztcUc7SWX5Mo.0asau9WCVqNSP7pBgh/.vz9kg8aVEWq','','2018-08-26 18:49:40','0000-00-00 00:00:00','',1535324071,1,0,'',''),
(284,'Shane','shane8587@gmail.com','$2y$10$tuk89jqJXBrNv5gjLYdJCeTQb9hFJ.xgWToPPV3tdTobSIcPGrgGC',NULL,'2018-08-26 23:09:20','0000-00-00 00:00:00','',0,0,0,'',''),
(285,'Timothy','pokemonkid199@gmail.com','$2y$10$aZvHbkYY.uYSMEYNDZRsKumDWME.0JefXvJaOmETHbrc8n.jZ6xS2',NULL,'2018-08-27 01:06:06','0000-00-00 00:00:00','',0,0,0,'',''),
(286,'Chantal Frederick','chantalfrederick22@gmail.com','$2y$10$CyI7RGSbjGxq8pNCPz5gOOtE4y1fE6jUNcFFw9ytSA8KggeIm/rFe',NULL,'2018-08-27 01:06:35','0000-00-00 00:00:00','',0,0,0,'',''),
(287,'Danny','danny-61-15@hotmail.com','$2y$10$UA4fo4eSgN8MPxoHekf8fOBsk0soQI1TjFMAER54cVFTsWQ8kKgeO',NULL,'2018-08-27 11:54:25','0000-00-00 00:00:00','',0,0,0,'',''),
(288,'Kody','kodylongboat@gmail.com','$2y$10$ZpKABCNaFnS6Pi5Y7gDct.mN/zaPiFqneqlXMye8HOA3CBpgLEzFC',NULL,'2018-08-27 15:38:17','0000-00-00 00:00:00','',0,0,0,'',''),
(289,'Daniel','dwedge1234@gmail.com','$2y$10$tUe6UY.5Vm.TQKhF9S.fLeXnEPzf.WqMCTLlp2wyNx9Kuzl27iOA.',NULL,'2018-08-27 19:35:38','0000-00-00 00:00:00','',0,0,0,'',''),
(290,'David Miller','davidabc66@gmail.com','$2y$10$J37cVfzGOgUvm0Qtu6fXIuNGsbEMTAdwCiTIhDJuzj6WtwZmwialm',NULL,'2018-08-27 19:46:09','0000-00-00 00:00:00','2893896913',0,0,0,'','cus_DVzfv6VHh8CV6q'),
(291,'Chris Lawrence','bigpapa181@hotmail.com','$2y$10$A53o/Y6Jxl48Q.mvnfdVWugBS0t4.ib41Zoi2KSNJMuBiUUGS3XvO',NULL,'2018-08-27 20:19:18','0000-00-00 00:00:00','',0,0,0,'',''),
(292,'Isaac','isaacham14@gmail.com','$2y$10$Y6bAZ5Fi01YodNeQ0bPZ8.E2z4bxap7lqMB3ogTQvKJHq1fZhpBre',NULL,'2018-08-27 21:27:43','0000-00-00 00:00:00','',0,0,0,'',''),
(293,'Mark Etforp','mark.ph.et@gmail.com','$2y$10$PxN1AZWUicPmhhw4.7gkBO4h1Cjn6ENNsQHpS5GMzx/6zUIQahM5i',NULL,'2018-08-27 21:39:39','0000-00-00 00:00:00','',0,0,0,'',''),
(294,'SIMON CRAWSHAW','simplesimon@gmail.com','$2y$10$CjdR3qj2GBF1ZkzTxQMu5.OiJ43g8DHJREHfklEU/N0E1t.75yXh2',NULL,'2018-08-27 22:35:22','0000-00-00 00:00:00','',0,0,0,'',''),
(295,'John','tubman111@gmail.com','$2y$10$74vaMi84/q0aFXgVKctokO2bQlCkqqt7H0eZpYmQtVCNR0bwCNNwa',NULL,'2018-08-27 23:36:09','0000-00-00 00:00:00','',0,0,0,'',''),
(296,'skglsdlhgs','slkhgs8dy323io@gmail.com','$2y$10$EB4Ej/bgM1tG.CZtthHqV.MmKfqKp0N0wShnoBKOiE2tejqqpzrsK',NULL,'2018-08-28 03:39:35','0000-00-00 00:00:00','',0,0,0,'',''),
(297,'Jamie Bullock','jamielynnbullock1978@gmail.com','$2y$10$CKKQNXO4A3TXt34kFlr.hODALFLgwU7GDeR4n3VJjraSVNrxbZVVm',NULL,'2018-08-28 07:44:22','0000-00-00 00:00:00','',0,0,0,'',''),
(298,'Peter','killerpm@gmail.com','$2y$10$0klqyQAcuo2in92XwYYBt.6SRJnj5WCgbGus5D1ZrmtCD9AlRE9rS',NULL,'2018-08-28 11:45:34','0000-00-00 00:00:00','',0,0,0,'',''),
(299,'Jim','Joe@jimjim.com','$2y$10$MwOvM1uEX65gPdtYq2jRw..oAwB2duLPnqhDLpZIf0EAllLQVn8o.',NULL,'2018-08-28 12:02:21','0000-00-00 00:00:00','',0,0,0,'',''),
(300,'jim\'isbad','jimisbad@jimjim.com','$2y$10$KAbJDhLK/MdNG6RD6ZwAkuWU4MBvNXBYzFfaus4YAsAu9UhCTvHm6',NULL,'2018-08-28 12:04:08','0000-00-00 00:00:00','',0,0,0,'',''),
(301,'<script type=\'text/javascript\'>alert(\'fuck\');</script>','mike@pixelturn.com','$2y$10$MmkuKfAWKCKZ2glePCFfPe1cauKz.bMbHnPtM3uHOdn360zAuveki','','2018-08-28 12:05:29','0000-00-00 00:00:00','',0,0,0,'',''),
(306,'Dinku','shahdinku143@gmail.com','$2y$10$vUCTEIJ3K7DF7RPoifRgf.SLLzBwflw10UzuQkCqO0enrhjRHOCMi',NULL,'2018-08-29 13:40:58','0000-00-00 00:00:00','9059215004',0,0,0,'',''),
(310,'Calvin Ferreira','supercalzone2004@hotmail.com','$2y$10$W/xcWP3j9UpmgTHw.o5Nluhu6oXLwbJecPx.Wj2kBFEoRJdxODCkW',NULL,'2018-08-29 16:58:14','0000-00-00 00:00:00','2897952758',0,0,0,'',''),
(315,'Gayle Miller','gemiller@cogeco.ca','$2y$10$QjZ2ZQgQmgP0Uv8soiJKTOb1JHryLDnrCqxkAkeQUJcPhHZx6DwyK',NULL,'2018-08-30 08:34:59','0000-00-00 00:00:00','905 515 1431',0,0,0,'',''),
(316,'Matthew Surina','matthew.surina@gmail.com','$2y$10$k0SQrS.8AdVJ9ZXZvpNxW.uz3HTyQitc8KLE5ZPYnlvQy6Bgjl4rC',NULL,'2018-08-31 20:57:21','0000-00-00 00:00:00','9055372309',0,0,0,'',''),
(317,'JbskzhUKitw-96$b','arospam@gmail.com','$2y$10$5BGR5FK7swcEGN7efi5t1O1GTDTlk.VKk5rS3citlw3uBMTpXCadu',NULL,'2018-09-01 01:34:07','0000-00-00 00:00:00','9999999999',0,0,0,'',''),
(318,'Liz Lister','soundtrack.explained@gmail.com','$2y$10$aMPw4AamjFQK8gWQdD/mI.WTYH7j.I/FIj7YyF3VcaGADSeyIhxGG',NULL,'2018-09-01 04:08:00','0000-00-00 00:00:00','9055314501',0,0,0,'',''),
(319,'Catherine','turnertorpedo@hotmail.com','$2y$10$E6WnZEZWZn7Yg9eid98zhuA8OHe2ul86LXlO1yg8xgPTX2d9yv0zC',NULL,'2018-09-01 12:18:53','0000-00-00 00:00:00','2896986429',0,0,0,'',''),
(320,'Daisy','dnelliott1193@live.ca','$2y$10$DfBV7ba3/y17P2mmfIgv4On7cj/EVeGZ7TZaDLLlWWy8isGuYBn.O',NULL,'2018-09-01 13:00:18','0000-00-00 00:00:00','2892606548',0,0,0,'',''),
(321,'Chrissy','Crystal.gould74@hotmail.com','$2y$10$ExXqF9I3NqmUSIbT18W0Ju7/GQbMjoPi0PxnGJGIrKA0JTs8CX4wy',NULL,'2018-09-01 19:02:38','0000-00-00 00:00:00','2899217443',0,0,0,'',''),
(322,'Shah','nicealmuk7@gmail.com','$2y$10$NEjHYN6TXmZYnTulf.dqduGi2XcFjIvJZX2aK3lj8ZDxfcXpgFCs6',NULL,'2018-09-01 19:59:29','0000-00-00 00:00:00','9056454975',0,0,0,'',''),
(323,'Ben Bowen','btbowen@gmail.com','$2y$10$LTb0JzAfu5xdYt8V8Reaf.dIKs8quoQx0CTzB2iRpWUrevyz6ez7S',NULL,'2018-09-01 21:22:12','0000-00-00 00:00:00','9058184129',0,0,0,'',''),
(324,'Lee Ann DeBlauw','leeleemcburns@gmail.com','$2y$10$TMQz6cF9MbMOj4F11EOwlu8lyXoESNEi0vZmwlj6XJp3Uj0CFhZw2',NULL,'2018-09-02 13:44:20','0000-00-00 00:00:00','3658894639',0,0,0,'',''),
(325,'Kyle Wallis','kylekeithwallis@gmail.com','$2y$10$ANzRAJkpwIV5DLnnKVDkKORK/NG26lOnU56FfkM0Ke5uifK/6fJ/a',NULL,'2018-09-02 15:41:50','0000-00-00 00:00:00','+19058077195',0,0,0,'',''),
(326,'Naseem Machado','nmachado1980@gmail.com','$2y$10$ART9GR97Z/HrjIC4xO5nQOrnWdXMqr/mSz26HHmzo9aiRdbf4ETu2',NULL,'2018-09-03 00:05:05','0000-00-00 00:00:00','5192213388',0,0,0,'',''),
(327,'corey','centerssway@hotmail.com','$2y$10$O83dOutcVeqqLk2DBPIUWueDp4tvYKXtv478q0Ec50u.qhShP82Eq',NULL,'2018-09-03 15:13:17','0000-00-00 00:00:00','2898035329',0,0,0,'',''),
(328,'Fangxing','lfx1219@gmail.com','$2y$10$0sPt1TQa06SxO6pOjTIF8ecUpp9b5a.5DGGxZ8K0fe33jZ68FaWti',NULL,'2018-09-03 21:09:11','0000-00-00 00:00:00','3658881439',0,0,0,'',''),
(329,'Laura','lhadath@hotmail.com','$2y$10$gmVxb84w1ekw6bH5ttRHfuRZ3zIHzB.HER/pkShmObIBXrUrxNHtS',NULL,'2018-09-04 16:54:26','0000-00-00 00:00:00','2893395506',0,0,0,'',''),
(330,'Kirsten p','kirsten.power@outlook.com','$2y$10$UHUsNWpKio7oESHy9Ux1Y.hDpZ3fwi1z2iJ8S2.kr53EX.5BLnYTK',NULL,'2018-09-06 00:46:26','0000-00-00 00:00:00','2899410900',0,0,0,'',''),
(331,'neoncrab','kylek@neoncrab.ca','$2y$10$CY..Bc6XYNROTe3CU28Gd.gwVWHg8sb2PZPKL1hUlPejRQWhsLhD2',NULL,'2018-09-06 13:02:07','0000-00-00 00:00:00','2899308666',0,0,0,'',''),
(332,'Jessica','jessicarswing@gmail.com','$2y$10$iW28E/0TWNo0DEi20/3gQueIErgDvdXXlcSC6RlSchUC9MFeQiA12',NULL,'2018-09-06 17:22:24','0000-00-00 00:00:00','9058189599',0,0,0,'',''),
(333,'Darren','darrengaylard@live.com','$2y$10$d9VoxzBmnMwkPepZ3VL3kezX2dKSXXqwl/yQRssNZ43cprPMNOHmC',NULL,'2018-09-07 16:17:32','0000-00-00 00:00:00','9059122254',0,0,0,'',''),
(334,'James','jamesisapainintheass@gmail.com','$2y$10$T9nEARgfSsSBAXgL6tI78.SMEYRvC5jmYc8RuKa4NJwxNMIeH17Gu',NULL,'2018-09-07 22:22:42','0000-00-00 00:00:00','9057415019',0,0,0,'',''),
(335,'Nicholas Depledge','Depledge6991@gmail.com','$2y$10$jADykMOYU.69mNZqG5LSp.yU3BshrzI1wDVjexv6IV3tEQKHob4gW',NULL,'2018-09-07 22:37:00','0000-00-00 00:00:00','2898805822',0,0,0,'',''),
(336,'Hope','pereirahope@gmail.com','$2y$10$p5RGAxDRFAWpWPKsxPmu7ue.lJkoycY6ujtbicfRza4Ya9unt9ZPq',NULL,'2018-09-08 00:33:12','0000-00-00 00:00:00','2899411456',0,0,0,'',''),
(337,'Brandon','brandon.hixon23@hotmail.com','$2y$10$iaPMKqTMghnDpdCpl217j.i/nY9aeK5M4Kiv2I5XB/V8hwF8y8uIG',NULL,'2018-09-08 02:46:17','0000-00-00 00:00:00','9055773405',0,0,0,'',''),
(338,'Brittany','brittanygreenhalgh0903@gmail.com','$2y$10$Yryxp1LBuivu8h8ihzLkze2j2UkJBoS3Dt7gbKfFztGxYSsw1Dfa6',NULL,'2018-09-08 10:51:10','0000-00-00 00:00:00','2894399726',0,0,0,'',''),
(339,'bonnie hines','bonniebabi@hotmail.com','$2y$10$UCjjhZpsqI40tk.SnVlT1.SVCtyMOmXmlT7MSx8KG0Mv6apeZwx9O',NULL,'2018-09-08 12:04:06','0000-00-00 00:00:00','289-689-3685',0,0,0,'',''),
(340,'Vanessa Collette','cleodustyspaz@gmail.com','$2y$10$lBSdhmeLLYP46jDt2YgsBuYAqQEyDE3e7zAMHfiYeutjjYf1joB4.',NULL,'2018-09-08 13:59:47','0000-00-00 00:00:00','9059665373',0,0,0,'',''),
(341,'Sheldon Gu','1832026756@qq.com','$2y$10$6Y44y8q4ljiU7xZ/tlVrkuuOf.qZ2loeCM7YCP4lBb3HM4z8I1Pmu',NULL,'2018-09-08 15:33:29','0000-00-00 00:00:00','3658884123',0,0,0,'',''),
(342,'Theresa','theresamahoney36@gmail.com','$2y$10$HsemNP19808K3EnxYXwjyeBFwfk8AgdSWrW684a1WZy3QQKXRh1cG',NULL,'2018-09-08 15:59:50','0000-00-00 00:00:00','2895141088',0,0,0,'',''),
(343,'LUCY TITLEY','lucytitley@yahoo.ca','$2y$10$wBTk/M6OV0gqsYXjwMNcHOGeiB3z/VfcYJs/RM99p.cbAvXm4VfC.',NULL,'2018-09-08 16:06:54','0000-00-00 00:00:00','9059067381',0,0,0,'','cus_DZLSbJXm9bjw6p'),
(344,'Eric Turner','ericturner0213@gmail.com','$2y$10$ontDEWEL5cphN3h8N44xYO63KsjVMR/cqMkQTnVEYC5rBnDKkqXMC',NULL,'2018-09-08 16:15:22','0000-00-00 00:00:00','(289) 335-6016',0,0,0,'','cus_DZLYPVj7FQLz0G'),
(345,'Marie Kennedy','mariekenney15@aol.com','$2y$10$7JoWtRW9WuAecLxHQvo9IebQzD0adYl7fmRo6hp/GrqO3Z7KySLhy',NULL,'2018-09-08 16:50:21','0000-00-00 00:00:00','3653368824',0,0,0,'',''),
(346,'Nick Alexiou','nick.alexiou18@gmail.com','$2y$10$mTEl/i07SB0aIeGJG.3GWu93p7bJgsgCENVt79lXHB.r6NyIvSGUq',NULL,'2018-09-09 00:33:22','0000-00-00 00:00:00','2896815823',0,0,0,'',''),
(347,'Shaun Edwards','shaun.edwar@gmail.com','$2y$10$7z9hvEOI30w2gvZddEza..atP/O8lBFWct5lF1r1HDjiQAK1whBUG',NULL,'2018-09-09 01:00:59','0000-00-00 00:00:00','6478662528',0,0,0,'',''),
(348,'Philip Schuster','king195@gmail.com','$2y$10$KIXtG8jmvnpyKRf/nfffHejsfPNjDJLFkn6Wk22ICWiU8TAAgkNZm',NULL,'2018-09-09 19:47:34','0000-00-00 00:00:00','9053870278',0,0,0,'','');

/*Table structure for table `wings_sauce` */

DROP TABLE IF EXISTS `wings_sauce`;

CREATE TABLE `wings_sauce` (
  `id` int(10) unsigned NOT NULL,
  `name` varchar(255) COLLATE utf8_unicode_ci NOT NULL,
  `type` varchar(64) COLLATE utf8_unicode_ci NOT NULL,
  `isfree` tinyint(1) NOT NULL,
  `qualifiers` varchar(255) COLLATE utf8_unicode_ci NOT NULL COMMENT 'comma delimited list of the names for 1/2,x1,x2 if applicable',
  `isall` tinyint(4) NOT NULL DEFAULT '1',
  `groupid` int(11) NOT NULL,
  `enabled` tinyint(4) DEFAULT '1',
  PRIMARY KEY (`id`),
  UNIQUE KEY `id` (`id`)
) ENGINE=InnoDB DEFAULT CHARSET=utf8 COLLATE=utf8_unicode_ci;

/*Data for the table `wings_sauce` */

/*!40101 SET SQL_MODE=@OLD_SQL_MODE */;
/*!40014 SET FOREIGN_KEY_CHECKS=@OLD_FOREIGN_KEY_CHECKS */;
/*!40014 SET UNIQUE_CHECKS=@OLD_UNIQUE_CHECKS */;
/*!40111 SET SQL_NOTES=@OLD_SQL_NOTES */;
